ID,description,operation_ID,startedAt,durationInHours,createdAt,createdBy,modifiedAt,modifiedBy
ac6b0c61-83ad-4185-80a5-bc0d74553e4e,Applied configuration change,e36977b4-8ef2-46ba-865a-35a125a91b5b,2026-03-09T15:02:15Z,1.5,2026-03-09T15:02:15Z,p.novak@example.com,2026-03-09T15:02:15Z,p.novak@example.com
cf9755a0-4ed1-4737-bbdc-b3c3992f108e,Applied configuration change,e36977b4-8ef2-46ba-865a-35a125a91b5b,2026-04-20T21:48:50Z,2.5,2026-04-20T21:48:50Z,d.garcia@example.com,2026-04-20T21:48:50Z,d.garcia@example.com
504fcea4-bd97-4595-9070-83fe644d14e8,Documented resolution steps,e36977b4-8ef2-46ba-865a-35a125a91b5b,2025-10-15T09:33:10Z,2.0,2025-10-15T09:33:10Z,a.jones@example.com,2025-10-15T09:33:10Z,a.jones@example.com
e99cbfbc-79b4-405a-97b4-e45b72314dff,Replaced faulty component,e36977b4-8ef2-46ba-865a-35a125a91b5b,2025-08-30T08:08:43Z,2.0,2025-08-30T08:08:43Z,e.dubois@example.com,2025-08-30T08:08:43Z,e.dubois@example.com
ec3b735c-29f6-4e5b-aa90-2d5863f488da,Contacted user for details,e36977b4-8ef2-46ba-865a-35a125a91b5b,2026-06-02T05:39:50Z,0.5,2026-06-02T05:39:50Z,n.rossi@example.com,2026-06-02T05:39:50Z,n.rossi@example.com
2513172a-98c9-4662-bc13-aca832058df2,Performed rollback and retest,e36977b4-8ef2-46ba-865a-35a125a91b5b,2025-12-17T18:52:46Z,0.5,2025-12-17T18:52:46Z,f.haddad@example.com,2025-12-17T18:52:46Z,f.haddad@example.com
74872ec5-3877-41c6-b674-5893c7427bf1,Escalated to L2 support,e36977b4-8ef2-46ba-865a-35a125a91b5b,2025-12-11T05:21:57Z,1.0,2025-12-11T05:21:57Z,j.smith@example.com,2025-12-11T05:21:57Z,j.smith@example.com
0b7be9af-a6c5-4e4d-992f-6cb54ac27c60,Escalated to L2 support,e36977b4-8ef2-46ba-865a-35a125a91b5b,2026-05-20T00:12:09Z,1.5,2026-05-20T00:12:09Z,f.haddad@example.com,2026-05-20T00:12:09Z,f.haddad@example.com
d50685ad-5685-48db-961a-d795baa6996e,Verified fix with user,bef81e27-2a8d-4432-875c-c22d8d351623,2026-04-24T23:37:41Z,1.0,2026-04-24T23:37:41Z,p.novak@example.com,2026-04-24T23:37:41Z,p.novak@example.com
7f329bbc-f44b-4b28-9a3b-52e23e5dbcc2,Performed rollback and retest,bef81e27-2a8d-4432-875c-c22d8d351623,2026-05-28T12:03:54Z,1.5,2026-05-28T12:03:54Z,s.wilson@example.com,2026-05-28T12:03:54Z,s.wilson@example.com
b37d159d-34c6-4e15-8b3c-d9a61d169c70,Ran diagnostics,bef81e27-2a8d-4432-875c-c22d8d351623,2026-05-20T02:32:09Z,1.25,2026-05-20T02:32:09Z,r.lee@example.com,2026-05-20T02:32:09Z,r.lee@example.com
f8477c19-5778-45a1-9714-42e0ef402b87,Coordinated with vendor,bef81e27-2a8d-4432-875c-c22d8d351623,2026-05-03T10:11:53Z,1.5,2026-05-03T10:11:53Z,s.wilson@example.com,2026-05-03T10:11:53Z,s.wilson@example.com
54d57507-b3be-4273-8ca6-be2b462098b6,Performed rollback and retest,bef81e27-2a8d-4432-875c-c22d8d351623,2026-06-10T21:11:29Z,1.75,2026-06-10T21:11:29Z,o.olsen@example.com,2026-06-10T21:11:29Z,o.olsen@example.com
9e8291d9-933e-47b9-888d-4e2781984ec7,Coordinated with vendor,bef81e27-2a8d-4432-875c-c22d8d351623,2026-05-28T07:57:14Z,2.0,2026-05-28T07:57:14Z,m.brown@example.com,2026-05-28T07:57:14Z,m.brown@example.com
91b4e416-5fe4-49a9-8e71-d5ff41daea9f,Contacted user for details,bef81e27-2a8d-4432-875c-c22d8d351623,2026-06-06T11:15:30Z,0.5,2026-06-06T11:15:30Z,f.haddad@example.com,2026-06-06T11:15:30Z,f.haddad@example.com
34f8d683-eb06-4388-a3fa-ce3ca672bbe3,Coordinated with vendor,0c2cea12-7764-4c7f-94d9-9bcc16ebd366,2026-02-03T02:48:20Z,0.5,2026-02-03T02:48:20Z,f.haddad@example.com,2026-02-03T02:48:20Z,f.haddad@example.com
c07bc1e3-2589-4e26-8d76-66f5fd0b3689,Applied configuration change,0c2cea12-7764-4c7f-94d9-9bcc16ebd366,2026-04-22T18:57:39Z,1.0,2026-04-22T18:57:39Z,l.martin@example.com,2026-04-22T18:57:39Z,l.martin@example.com
09108609-5cf2-4430-ae9b-b2a90086540b,Verified fix with user,0c2cea12-7764-4c7f-94d9-9bcc16ebd366,2026-02-27T17:41:13Z,4.0,2026-02-27T17:41:13Z,e.dubois@example.com,2026-02-27T17:41:13Z,e.dubois@example.com
f0654196-d66c-4c88-b7ea-b40b3a50c07e,Verified fix with user,0c2cea12-7764-4c7f-94d9-9bcc16ebd366,2026-01-19T07:12:14Z,0.25,2026-01-19T07:12:14Z,o.olsen@example.com,2026-01-19T07:12:14Z,o.olsen@example.com
23c4200d-e25d-4773-b1d9-bcfae36ff850,Performed rollback and retest,0c2cea12-7764-4c7f-94d9-9bcc16ebd366,2025-08-31T15:24:43Z,1.0,2025-08-31T15:24:43Z,s.wilson@example.com,2025-08-31T15:24:43Z,s.wilson@example.com
094241e6-8526-4533-8980-bd54ee06790c,Contacted user for details,0c2cea12-7764-4c7f-94d9-9bcc16ebd366,2025-03-06T23:04:16Z,0.75,2025-03-06T23:04:16Z,f.haddad@example.com,2025-03-06T23:04:16Z,f.haddad@example.com
143a096e-e00f-46b7-a6a9-5b0499677040,Initial triage and diagnosis,5cc64e97-161a-413d-af93-21c586b3005b,2025-12-27T02:28:06Z,0.25,2025-12-27T02:28:06Z,a.jones@example.com,2025-12-27T02:28:06Z,a.jones@example.com
1f6cb7f3-ff99-43a7-802b-808b9a11b57e,Escalated to L2 support,5cc64e97-161a-413d-af93-21c586b3005b,2026-05-29T05:48:28Z,2.0,2026-05-29T05:48:28Z,n.rossi@example.com,2026-05-29T05:48:28Z,n.rossi@example.com
ff44e791-1a07-46cb-b4d9-38e7c96fb962,Applied configuration change,5cc64e97-161a-413d-af93-21c586b3005b,2026-02-05T09:24:53Z,3.0,2026-02-05T09:24:53Z,n.rossi@example.com,2026-02-05T09:24:53Z,n.rossi@example.com
bc348f76-08f5-443c-a90b-0669a68d716a,Ran diagnostics,5cc64e97-161a-413d-af93-21c586b3005b,2026-05-02T18:41:02Z,3.0,2026-05-02T18:41:02Z,p.novak@example.com,2026-05-02T18:41:02Z,p.novak@example.com
4a17c52b-d870-4f3b-ac90-6eed1a5c6dfb,Contacted user for details,5cc64e97-161a-413d-af93-21c586b3005b,2026-05-19T02:49:31Z,2.5,2026-05-19T02:49:31Z,a.jones@example.com,2026-05-19T02:49:31Z,a.jones@example.com
ee83d26b-9816-4b9a-ac40-d4015a28eba5,Escalated to L2 support,002e42db-38da-46e6-b93a-c925918ff714,2025-04-11T19:47:37Z,2.75,2025-04-11T19:47:37Z,k.patel@example.com,2025-04-11T19:47:37Z,k.patel@example.com
298acbe1-9e3b-465e-a45e-3516c5f3cc83,Initial triage and diagnosis,002e42db-38da-46e6-b93a-c925918ff714,2025-04-12T12:53:10Z,0.25,2025-04-12T12:53:10Z,r.lee@example.com,2025-04-12T12:53:10Z,r.lee@example.com
c0bb3d91-622c-4da3-be58-6241404f62dd,Documented resolution steps,002e42db-38da-46e6-b93a-c925918ff714,2025-04-12T12:06:46Z,1.75,2025-04-12T12:06:46Z,d.garcia@example.com,2025-04-12T12:06:46Z,d.garcia@example.com
ff5d4dd3-61cc-4faf-aa3c-3c52cf42c8c6,Replaced faulty component,002e42db-38da-46e6-b93a-c925918ff714,2025-04-13T00:09:11Z,3.0,2025-04-13T00:09:11Z,s.wilson@example.com,2025-04-13T00:09:11Z,s.wilson@example.com
6267c2bf-a70f-4220-9432-58a0efff5dbc,Verified fix with user,002e42db-38da-46e6-b93a-c925918ff714,2025-04-11T23:32:08Z,0.25,2025-04-11T23:32:08Z,c.silva@example.com,2025-04-11T23:32:08Z,c.silva@example.com
c206a85f-bfc7-47b7-92c3-48b99f91a761,Coordinated with vendor,002e42db-38da-46e6-b93a-c925918ff714,2025-04-11T11:50:45Z,0.5,2025-04-11T11:50:45Z,n.rossi@example.com,2025-04-11T11:50:45Z,n.rossi@example.com
4f47159b-8034-4dee-9f59-39f290e09e9b,Contacted user for details,3717d1cf-a189-486a-8ae3-1dacb4c71319,2025-09-29T12:31:19Z,1.75,2025-09-29T12:31:19Z,l.martin@example.com,2025-09-29T12:31:19Z,l.martin@example.com
7b26c7f3-90cd-4e3d-916b-47bae87a3d7c,Coordinated with vendor,3717d1cf-a189-486a-8ae3-1dacb4c71319,2025-09-25T12:03:23Z,3.0,2025-09-25T12:03:23Z,a.jones@example.com,2025-09-25T12:03:23Z,a.jones@example.com
88e0e378-0e20-4f6a-b3ae-0962a3465aba,Verified fix with user,3717d1cf-a189-486a-8ae3-1dacb4c71319,2025-09-26T17:44:34Z,4.0,2025-09-26T17:44:34Z,m.brown@example.com,2025-09-26T17:44:34Z,m.brown@example.com
5e10d0bc-727a-4ad0-b109-abb4f64e4d2c,Replaced faulty component,3717d1cf-a189-486a-8ae3-1dacb4c71319,2025-09-30T18:59:06Z,0.5,2025-09-30T18:59:06Z,l.martin@example.com,2025-09-30T18:59:06Z,l.martin@example.com
583fdea5-25c3-4101-8024-9caf5d1cc733,Coordinated with vendor,3717d1cf-a189-486a-8ae3-1dacb4c71319,2025-09-26T09:40:24Z,3.0,2025-09-26T09:40:24Z,e.dubois@example.com,2025-09-26T09:40:24Z,e.dubois@example.com
18626736-01c2-493b-93e2-29d154ff52df,Contacted user for details,3717d1cf-a189-486a-8ae3-1dacb4c71319,2025-09-25T11:50:21Z,4.0,2025-09-25T11:50:21Z,o.olsen@example.com,2025-09-25T11:50:21Z,o.olsen@example.com
f70c45d6-9c34-41df-a773-9a76bc98d296,Applied configuration change,5496935a-e560-434e-937b-0cc2482594be,2025-12-15T05:02:33Z,0.25,2025-12-15T05:02:33Z,a.jones@example.com,2025-12-15T05:02:33Z,a.jones@example.com
c1796e18-cd9e-47f8-85ae-0d0e2a6b4b0c,Coordinated with vendor,5496935a-e560-434e-937b-0cc2482594be,2025-12-15T00:34:52Z,0.25,2025-12-15T00:34:52Z,e.dubois@example.com,2025-12-15T00:34:52Z,e.dubois@example.com
c8ba748b-2d80-40af-a9cc-43b557022b90,Replaced faulty component,5496935a-e560-434e-937b-0cc2482594be,2025-12-10T04:48:07Z,2.5,2025-12-10T04:48:07Z,j.smith@example.com,2025-12-10T04:48:07Z,j.smith@example.com
aa1b9b35-188e-4f2b-85d4-966741030980,Escalated to L2 support,5496935a-e560-434e-937b-0cc2482594be,2025-12-12T19:52:44Z,0.25,2025-12-12T19:52:44Z,s.wilson@example.com,2025-12-12T19:52:44Z,s.wilson@example.com
1de08342-d31d-4783-9a1a-8fa3a147e7a3,Coordinated with vendor,5496935a-e560-434e-937b-0cc2482594be,2025-12-16T11:55:30Z,0.5,2025-12-16T11:55:30Z,p.novak@example.com,2025-12-16T11:55:30Z,p.novak@example.com
938bba1c-6830-49f0-9ef3-116e27a76b16,Applied configuration change,5496935a-e560-434e-937b-0cc2482594be,2025-12-13T08:01:57Z,0.75,2025-12-13T08:01:57Z,f.haddad@example.com,2025-12-13T08:01:57Z,f.haddad@example.com
54970c0a-1043-46b4-bc1a-d07f63ae97f0,Verified fix with user,5496935a-e560-434e-937b-0cc2482594be,2025-12-10T13:14:12Z,2.5,2025-12-10T13:14:12Z,m.brown@example.com,2025-12-10T13:14:12Z,m.brown@example.com
ec109cb6-8328-438a-846f-a90551337bfd,Applied configuration change,5496935a-e560-434e-937b-0cc2482594be,2025-12-17T21:33:11Z,2.5,2025-12-17T21:33:11Z,d.garcia@example.com,2025-12-17T21:33:11Z,d.garcia@example.com
cc1c1b94-a4a4-4c4f-b1b3-854689cc5544,Performed rollback and retest,6bb7eb7d-b3e5-4c5f-ac51-e6a598e45fd6,2026-06-07T02:43:10Z,1.5,2026-06-07T02:43:10Z,a.jones@example.com,2026-06-07T02:43:10Z,a.jones@example.com
79032adf-3d95-4fe6-85c5-9f8e74eef0ca,Performed rollback and retest,6bb7eb7d-b3e5-4c5f-ac51-e6a598e45fd6,2026-06-07T21:21:38Z,2.0,2026-06-07T21:21:38Z,r.lee@example.com,2026-06-07T21:21:38Z,r.lee@example.com
2a175957-28e0-41e4-98bf-66552075a5d0,Performed rollback and retest,6bb7eb7d-b3e5-4c5f-ac51-e6a598e45fd6,2026-06-08T02:57:26Z,0.75,2026-06-08T02:57:26Z,o.olsen@example.com,2026-06-08T02:57:26Z,o.olsen@example.com
d05043d8-de40-4da5-8a9b-36f1b0c23b88,Documented resolution steps,6bb7eb7d-b3e5-4c5f-ac51-e6a598e45fd6,2026-06-07T03:33:28Z,1.5,2026-06-07T03:33:28Z,c.silva@example.com,2026-06-07T03:33:28Z,c.silva@example.com
d132512c-50fb-4969-b3a3-7e4bcda15ced,Documented resolution steps,6bb7eb7d-b3e5-4c5f-ac51-e6a598e45fd6,2026-06-06T13:50:23Z,4.0,2026-06-06T13:50:23Z,l.martin@example.com,2026-06-06T13:50:23Z,l.martin@example.com
a73add64-1063-44f9-9918-5fe3960a623e,Contacted user for details,6bb7eb7d-b3e5-4c5f-ac51-e6a598e45fd6,2026-06-06T18:48:43Z,2.0,2026-06-06T18:48:43Z,t.mueller@example.com,2026-06-06T18:48:43Z,t.mueller@example.com
4397bfcc-9752-4474-9d94-a06d4d516f4e,Documented resolution steps,6bb7eb7d-b3e5-4c5f-ac51-e6a598e45fd6,2026-06-08T18:07:39Z,1.5,2026-06-08T18:07:39Z,t.mueller@example.com,2026-06-08T18:07:39Z,t.mueller@example.com
137fc3f9-7b4c-4378-ac6c-e77eb159087a,Performed rollback and retest,39abbf92-388c-405d-bcf6-81fda471881a,2026-04-14T17:01:30Z,0.5,2026-04-14T17:01:30Z,n.rossi@example.com,2026-04-14T17:01:30Z,n.rossi@example.com
355aacc5-d30e-40c6-93d2-d2e6c66a0fe1,Replaced faulty component,39abbf92-388c-405d-bcf6-81fda471881a,2026-04-06T20:28:40Z,0.5,2026-04-06T20:28:40Z,t.mueller@example.com,2026-04-06T20:28:40Z,t.mueller@example.com
2f9d5098-ec2b-4653-a0bb-d203f9c4e844,Initial triage and diagnosis,39abbf92-388c-405d-bcf6-81fda471881a,2026-04-04T04:04:45Z,1.0,2026-04-04T04:04:45Z,j.smith@example.com,2026-04-04T04:04:45Z,j.smith@example.com
b1d55377-e7f4-4c97-b7b4-5dece3637115,Documented resolution steps,39abbf92-388c-405d-bcf6-81fda471881a,2026-04-04T15:50:52Z,3.0,2026-04-04T15:50:52Z,k.patel@example.com,2026-04-04T15:50:52Z,k.patel@example.com
3dc00824-d9a1-4f0d-aa3b-ff629e226789,Documented resolution steps,39abbf92-388c-405d-bcf6-81fda471881a,2026-04-14T00:04:53Z,1.25,2026-04-14T00:04:53Z,k.patel@example.com,2026-04-14T00:04:53Z,k.patel@example.com
8f46e45f-8cb9-48a1-9c57-ad5e9a2afc60,Contacted user for details,39abbf92-388c-405d-bcf6-81fda471881a,2026-04-04T15:20:52Z,0.75,2026-04-04T15:20:52Z,o.olsen@example.com,2026-04-04T15:20:52Z,o.olsen@example.com
1aecbafa-3b80-4837-8360-dabe0b479347,Verified fix with user,113b1f65-ea7c-454c-8e76-e83957134c43,2025-09-12T04:34:03Z,1.5,2025-09-12T04:34:03Z,d.garcia@example.com,2025-09-12T04:34:03Z,d.garcia@example.com
6072e5a6-2d1b-452d-ba5e-ad267923a04c,Applied configuration change,113b1f65-ea7c-454c-8e76-e83957134c43,2025-09-13T15:50:39Z,4.0,2025-09-13T15:50:39Z,m.brown@example.com,2025-09-13T15:50:39Z,m.brown@example.com
2661696c-d77b-47d9-9b4f-f4d33b0e1fda,Escalated to L2 support,113b1f65-ea7c-454c-8e76-e83957134c43,2025-09-13T02:57:47Z,2.5,2025-09-13T02:57:47Z,c.silva@example.com,2025-09-13T02:57:47Z,c.silva@example.com
23d7575b-a71a-48d6-9a62-d7d774be08de,Coordinated with vendor,113b1f65-ea7c-454c-8e76-e83957134c43,2025-09-12T02:38:14Z,2.75,2025-09-12T02:38:14Z,l.martin@example.com,2025-09-12T02:38:14Z,l.martin@example.com
c76bf4c3-3792-40f3-8325-877c906b74a6,Documented resolution steps,113b1f65-ea7c-454c-8e76-e83957134c43,2025-09-14T13:08:18Z,2.5,2025-09-14T13:08:18Z,s.wilson@example.com,2025-09-14T13:08:18Z,s.wilson@example.com
cf696b96-a165-4f85-810d-b032fb92feb2,Initial triage and diagnosis,113b1f65-ea7c-454c-8e76-e83957134c43,2025-09-14T02:00:18Z,0.5,2025-09-14T02:00:18Z,k.patel@example.com,2025-09-14T02:00:18Z,k.patel@example.com
481b1bf7-520b-4551-b712-3d5549c62c74,Documented resolution steps,113b1f65-ea7c-454c-8e76-e83957134c43,2025-09-13T20:30:42Z,1.75,2025-09-13T20:30:42Z,f.haddad@example.com,2025-09-13T20:30:42Z,f.haddad@example.com
a5e39096-20fa-4749-9b6f-48ed7fc33f9e,Escalated to L2 support,113b1f65-ea7c-454c-8e76-e83957134c43,2025-09-14T23:40:02Z,4.0,2025-09-14T23:40:02Z,k.patel@example.com,2025-09-14T23:40:02Z,k.patel@example.com
2b5a1a69-0d51-4852-81f5-bfa8b5578d37,Contacted user for details,77019be2-4c73-4c9f-a20b-75d190753c9a,2026-05-24T15:34:22Z,2.5,2026-05-24T15:34:22Z,f.haddad@example.com,2026-05-24T15:34:22Z,f.haddad@example.com
c16406dc-e898-4f37-a7f0-e95a790dd2cd,Escalated to L2 support,77019be2-4c73-4c9f-a20b-75d190753c9a,2026-02-04T05:54:38Z,0.25,2026-02-04T05:54:38Z,l.martin@example.com,2026-02-04T05:54:38Z,l.martin@example.com
f8b3dc2b-e98a-4c85-b5a8-6338f891c0bd,Initial triage and diagnosis,77019be2-4c73-4c9f-a20b-75d190753c9a,2026-04-15T02:06:55Z,0.5,2026-04-15T02:06:55Z,p.novak@example.com,2026-04-15T02:06:55Z,p.novak@example.com
ee9fe5b7-2e71-4fbe-8215-e99740851f0e,Applied configuration change,77019be2-4c73-4c9f-a20b-75d190753c9a,2025-11-09T15:10:50Z,1.0,2025-11-09T15:10:50Z,e.dubois@example.com,2025-11-09T15:10:50Z,e.dubois@example.com
d8620890-9eea-46c7-b532-2a6ad3f11782,Contacted user for details,77019be2-4c73-4c9f-a20b-75d190753c9a,2025-11-06T05:44:00Z,1.0,2025-11-06T05:44:00Z,t.mueller@example.com,2025-11-06T05:44:00Z,t.mueller@example.com
37dee7db-09e7-4ed8-a19c-e7785cc633c8,Replaced faulty component,77019be2-4c73-4c9f-a20b-75d190753c9a,2026-03-12T14:54:38Z,1.25,2026-03-12T14:54:38Z,c.silva@example.com,2026-03-12T14:54:38Z,c.silva@example.com
fd5c61f9-8d29-482a-9199-37734e03cbe3,Performed rollback and retest,77019be2-4c73-4c9f-a20b-75d190753c9a,2026-05-30T10:20:30Z,2.0,2026-05-30T10:20:30Z,e.dubois@example.com,2026-05-30T10:20:30Z,e.dubois@example.com
aad46fcc-691a-4a17-8f25-c86d51b3b030,Coordinated with vendor,ca5d5738-13fe-4cc1-9dd1-0e91145bc242,2025-11-18T15:58:47Z,2.5,2025-11-18T15:58:47Z,a.jones@example.com,2025-11-18T15:58:47Z,a.jones@example.com
c96115c8-f27a-4792-860d-41f157813820,Documented resolution steps,ca5d5738-13fe-4cc1-9dd1-0e91145bc242,2025-11-21T10:51:16Z,2.0,2025-11-21T10:51:16Z,f.haddad@example.com,2025-11-21T10:51:16Z,f.haddad@example.com
9ae71391-aed3-41ec-9fbb-71e058270a6a,Ran diagnostics,ca5d5738-13fe-4cc1-9dd1-0e91145bc242,2025-11-17T15:11:47Z,0.75,2025-11-17T15:11:47Z,l.martin@example.com,2025-11-17T15:11:47Z,l.martin@example.com
865fda35-1020-4fa3-b06e-4c44b8b75b77,Coordinated with vendor,ca5d5738-13fe-4cc1-9dd1-0e91145bc242,2025-11-09T10:45:25Z,2.5,2025-11-09T10:45:25Z,c.silva@example.com,2025-11-09T10:45:25Z,c.silva@example.com
c74c535e-9f51-4891-a5c2-0d42cdfb1a70,Documented resolution steps,ca5d5738-13fe-4cc1-9dd1-0e91145bc242,2025-11-21T12:33:08Z,1.75,2025-11-21T12:33:08Z,k.patel@example.com,2025-11-21T12:33:08Z,k.patel@example.com
068a3f95-fe99-4b3a-a6d4-9023994e1ab4,Escalated to L2 support,ca5d5738-13fe-4cc1-9dd1-0e91145bc242,2025-11-20T02:46:29Z,1.5,2025-11-20T02:46:29Z,f.haddad@example.com,2025-11-20T02:46:29Z,f.haddad@example.com
a796e6da-8586-4be1-9dfb-d349ca6e1e98,Ran diagnostics,ca5d5738-13fe-4cc1-9dd1-0e91145bc242,2025-11-07T20:07:05Z,1.75,2025-11-07T20:07:05Z,s.wilson@example.com,2025-11-07T20:07:05Z,s.wilson@example.com
418aca1f-da41-4b2b-8add-078bba79d8d1,Coordinated with vendor,b918e340-19c2-4796-a690-22da23cd8a8b,2025-01-21T05:13:24Z,4.0,2025-01-21T05:13:24Z,r.lee@example.com,2025-01-21T05:13:24Z,r.lee@example.com
8a9d59ed-6331-406e-a3b8-ac645cbbcdf7,Replaced faulty component,b918e340-19c2-4796-a690-22da23cd8a8b,2025-01-20T08:28:29Z,2.25,2025-01-20T08:28:29Z,d.garcia@example.com,2025-01-20T08:28:29Z,d.garcia@example.com
447a31ad-8279-4d56-8b43-25502cd2fd3f,Escalated to L2 support,b918e340-19c2-4796-a690-22da23cd8a8b,2025-01-19T20:54:47Z,1.0,2025-01-19T20:54:47Z,c.silva@example.com,2025-01-19T20:54:47Z,c.silva@example.com
8f8d2c76-9010-41ea-86de-3f39b8244200,Escalated to L2 support,b918e340-19c2-4796-a690-22da23cd8a8b,2025-01-20T06:15:18Z,0.5,2025-01-20T06:15:18Z,s.wilson@example.com,2025-01-20T06:15:18Z,s.wilson@example.com
d09d3278-47d1-46c0-ae58-6cf55ecab9c9,Performed rollback and retest,b918e340-19c2-4796-a690-22da23cd8a8b,2025-01-22T19:52:01Z,3.0,2025-01-22T19:52:01Z,c.silva@example.com,2025-01-22T19:52:01Z,c.silva@example.com
5f9e99aa-08db-47d8-a19d-28c9cc215b0e,Escalated to L2 support,b918e340-19c2-4796-a690-22da23cd8a8b,2025-01-22T23:00:47Z,4.0,2025-01-22T23:00:47Z,a.jones@example.com,2025-01-22T23:00:47Z,a.jones@example.com
6d19b601-b496-40a3-b1dd-efc1012b2ad6,Replaced faulty component,b918e340-19c2-4796-a690-22da23cd8a8b,2025-01-20T03:26:38Z,1.0,2025-01-20T03:26:38Z,m.brown@example.com,2025-01-20T03:26:38Z,m.brown@example.com
0898ded2-ce84-4d92-a025-3d108cd194d6,Applied configuration change,5f4018e5-542a-48ef-a8de-f9d1752a3600,2026-03-11T10:44:13Z,0.5,2026-03-11T10:44:13Z,m.brown@example.com,2026-03-11T10:44:13Z,m.brown@example.com
a833c18f-b330-4a3a-b11c-54fcd0bdaed0,Contacted user for details,5f4018e5-542a-48ef-a8de-f9d1752a3600,2026-05-05T16:00:25Z,1.5,2026-05-05T16:00:25Z,s.wilson@example.com,2026-05-05T16:00:25Z,s.wilson@example.com
1af81f2b-775e-43f7-9155-4c31199fbe7e,Coordinated with vendor,5f4018e5-542a-48ef-a8de-f9d1752a3600,2026-05-01T23:09:07Z,2.5,2026-05-01T23:09:07Z,p.novak@example.com,2026-05-01T23:09:07Z,p.novak@example.com
f1d7ae23-20db-43fe-a6e3-9006a604eb25,Performed rollback and retest,5f4018e5-542a-48ef-a8de-f9d1752a3600,2025-12-14T22:40:37Z,3.25,2025-12-14T22:40:37Z,d.garcia@example.com,2025-12-14T22:40:37Z,d.garcia@example.com
8499ad2c-fdba-4907-bf74-5d2342d5d24c,Contacted user for details,5f4018e5-542a-48ef-a8de-f9d1752a3600,2026-01-21T13:53:03Z,1.5,2026-01-21T13:53:03Z,e.dubois@example.com,2026-01-21T13:53:03Z,e.dubois@example.com
e8ce999b-46d9-49de-94db-0d3d9858418f,Contacted user for details,5f4018e5-542a-48ef-a8de-f9d1752a3600,2025-08-02T21:21:50Z,1.0,2025-08-02T21:21:50Z,t.mueller@example.com,2025-08-02T21:21:50Z,t.mueller@example.com
e2f084f7-2543-4cb6-bcfa-52a8c176b9cf,Contacted user for details,5f4018e5-542a-48ef-a8de-f9d1752a3600,2025-06-24T11:40:23Z,1.0,2025-06-24T11:40:23Z,n.rossi@example.com,2025-06-24T11:40:23Z,n.rossi@example.com
4bbaefc8-9f7b-47ec-a314-454867fc5669,Performed rollback and retest,5f4018e5-542a-48ef-a8de-f9d1752a3600,2025-06-24T01:53:46Z,0.5,2025-06-24T01:53:46Z,k.patel@example.com,2025-06-24T01:53:46Z,k.patel@example.com
25220b82-db1b-43e6-9bad-b51ed585d5eb,Documented resolution steps,fbfab17f-f1b9-42f2-8447-f92dcdc8ec5a,2026-03-31T15:59:23Z,0.5,2026-03-31T15:59:23Z,o.olsen@example.com,2026-03-31T15:59:23Z,o.olsen@example.com
9e1be6d8-78b1-4199-8fdf-257401cbb798,Escalated to L2 support,fbfab17f-f1b9-42f2-8447-f92dcdc8ec5a,2026-03-30T06:21:58Z,1.5,2026-03-30T06:21:58Z,a.jones@example.com,2026-03-30T06:21:58Z,a.jones@example.com
da24e90b-b2bf-4bc6-9f5f-bbb5639a5be6,Initial triage and diagnosis,fbfab17f-f1b9-42f2-8447-f92dcdc8ec5a,2026-04-03T12:53:13Z,0.25,2026-04-03T12:53:13Z,e.dubois@example.com,2026-04-03T12:53:13Z,e.dubois@example.com
23ac268f-f51e-4602-b257-c972a8bbdab2,Replaced faulty component,fbfab17f-f1b9-42f2-8447-f92dcdc8ec5a,2026-03-28T11:30:40Z,3.25,2026-03-28T11:30:40Z,o.olsen@example.com,2026-03-28T11:30:40Z,o.olsen@example.com
b7e7e64a-2768-4d97-9712-23495ea43eea,Ran diagnostics,fbfab17f-f1b9-42f2-8447-f92dcdc8ec5a,2026-03-28T13:20:45Z,2.75,2026-03-28T13:20:45Z,a.jones@example.com,2026-03-28T13:20:45Z,a.jones@example.com
0cb727bb-91a7-412d-9745-9d22ebe2a717,Contacted user for details,fbfab17f-f1b9-42f2-8447-f92dcdc8ec5a,2026-03-30T13:50:03Z,2.5,2026-03-30T13:50:03Z,l.martin@example.com,2026-03-30T13:50:03Z,l.martin@example.com
50e663a6-7299-4762-874a-5832f3bc39aa,Ran diagnostics,fbfab17f-f1b9-42f2-8447-f92dcdc8ec5a,2026-03-28T07:19:37Z,2.25,2026-03-28T07:19:37Z,c.silva@example.com,2026-03-28T07:19:37Z,c.silva@example.com
fcc4e09c-0848-40ba-a0ba-550bc494495c,Contacted user for details,fbfab17f-f1b9-42f2-8447-f92dcdc8ec5a,2026-03-29T20:25:58Z,2.5,2026-03-29T20:25:58Z,k.patel@example.com,2026-03-29T20:25:58Z,k.patel@example.com
4f455f60-574e-4cd6-a249-7f341438bf3a,Documented resolution steps,07ad9aac-7537-456f-b010-e72466a05c12,2026-05-14T05:16:22Z,4.0,2026-05-14T05:16:22Z,n.rossi@example.com,2026-05-14T05:16:22Z,n.rossi@example.com
0ebed3a6-b427-49a1-9bd2-90672db1d205,Contacted user for details,07ad9aac-7537-456f-b010-e72466a05c12,2026-05-12T21:35:28Z,1.0,2026-05-12T21:35:28Z,k.patel@example.com,2026-05-12T21:35:28Z,k.patel@example.com
320fbe3c-09fb-48a1-a18b-93ae26694f65,Replaced faulty component,07ad9aac-7537-456f-b010-e72466a05c12,2026-05-16T06:20:46Z,1.0,2026-05-16T06:20:46Z,o.olsen@example.com,2026-05-16T06:20:46Z,o.olsen@example.com
4596725e-ec45-4c8e-af92-6c1c913b9d60,Ran diagnostics,07ad9aac-7537-456f-b010-e72466a05c12,2026-05-15T10:07:35Z,1.75,2026-05-15T10:07:35Z,f.haddad@example.com,2026-05-15T10:07:35Z,f.haddad@example.com
92a3f328-c33a-4456-bf1e-21bc4de6a998,Applied configuration change,07ad9aac-7537-456f-b010-e72466a05c12,2026-05-15T04:47:19Z,1.25,2026-05-15T04:47:19Z,n.rossi@example.com,2026-05-15T04:47:19Z,n.rossi@example.com
0ec10ede-5fb0-40bd-9f38-eaf69b20fc09,Contacted user for details,07ad9aac-7537-456f-b010-e72466a05c12,2026-05-14T15:52:49Z,1.0,2026-05-14T15:52:49Z,f.haddad@example.com,2026-05-14T15:52:49Z,f.haddad@example.com
a42e72ac-aa90-4c14-94ec-c12312f9d21a,Documented resolution steps,81d22078-a290-457e-bc7a-d6c4d90790c4,2025-11-26T17:05:23Z,2.25,2025-11-26T17:05:23Z,c.silva@example.com,2025-11-26T17:05:23Z,c.silva@example.com
b2f1da14-a458-4bfb-8212-a53b5e92164e,Applied configuration change,81d22078-a290-457e-bc7a-d6c4d90790c4,2025-11-28T18:57:36Z,1.0,2025-11-28T18:57:36Z,j.smith@example.com,2025-11-28T18:57:36Z,j.smith@example.com
c57bf834-b677-482c-a43b-5b6d9acab9ed,Ran diagnostics,81d22078-a290-457e-bc7a-d6c4d90790c4,2025-11-29T11:53:05Z,2.0,2025-11-29T11:53:05Z,f.haddad@example.com,2025-11-29T11:53:05Z,f.haddad@example.com
218858d5-aad8-4fa0-ab54-5da2da073054,Applied configuration change,81d22078-a290-457e-bc7a-d6c4d90790c4,2025-11-27T01:15:17Z,4.25,2025-11-27T01:15:17Z,j.smith@example.com,2025-11-27T01:15:17Z,j.smith@example.com
ab95c8cf-d1aa-41b0-8756-a3e6ed1609ac,Replaced faulty component,81d22078-a290-457e-bc7a-d6c4d90790c4,2025-11-28T22:26:26Z,0.75,2025-11-28T22:26:26Z,k.patel@example.com,2025-11-28T22:26:26Z,k.patel@example.com
13261d22-4d7f-43a7-8d78-895250acfcf8,Verified fix with user,81d22078-a290-457e-bc7a-d6c4d90790c4,2025-11-28T12:02:23Z,2.5,2025-11-28T12:02:23Z,f.haddad@example.com,2025-11-28T12:02:23Z,f.haddad@example.com
02522605-edab-413c-a93b-67097b91b7da,Ran diagnostics,81d22078-a290-457e-bc7a-d6c4d90790c4,2025-11-30T12:56:37Z,4.25,2025-11-30T12:56:37Z,l.martin@example.com,2025-11-30T12:56:37Z,l.martin@example.com
ca0cce1c-db9c-4ec3-a81b-c863d68cd941,Replaced faulty component,81d22078-a290-457e-bc7a-d6c4d90790c4,2025-11-29T17:31:28Z,0.25,2025-11-29T17:31:28Z,s.wilson@example.com,2025-11-29T17:31:28Z,s.wilson@example.com
69fcb909-715a-4414-8bd7-2e138244d8b9,Replaced faulty component,343c5718-7db6-4eef-8a9e-8cc86c0e3225,2025-07-10T10:08:21Z,0.75,2025-07-10T10:08:21Z,k.patel@example.com,2025-07-10T10:08:21Z,k.patel@example.com
61b0ec3e-8b38-44ae-be56-4999204dc272,Ran diagnostics,343c5718-7db6-4eef-8a9e-8cc86c0e3225,2025-07-09T23:02:34Z,1.5,2025-07-09T23:02:34Z,o.olsen@example.com,2025-07-09T23:02:34Z,o.olsen@example.com
ed92e0ca-8c6b-45a2-a4da-0c59c9ef2ae6,Ran diagnostics,343c5718-7db6-4eef-8a9e-8cc86c0e3225,2025-07-07T20:57:43Z,4.0,2025-07-07T20:57:43Z,a.jones@example.com,2025-07-07T20:57:43Z,a.jones@example.com
dafe40f8-716b-4cd5-9b6b-04fda9999949,Replaced faulty component,343c5718-7db6-4eef-8a9e-8cc86c0e3225,2025-07-08T13:50:11Z,1.75,2025-07-08T13:50:11Z,c.silva@example.com,2025-07-08T13:50:11Z,c.silva@example.com
afc77bfb-0da8-4262-8039-8fbfb797349c,Ran diagnostics,343c5718-7db6-4eef-8a9e-8cc86c0e3225,2025-07-09T22:14:47Z,1.5,2025-07-09T22:14:47Z,r.lee@example.com,2025-07-09T22:14:47Z,r.lee@example.com
9012119c-2cfc-4e3d-8dd0-19b0312e827e,Verified fix with user,343c5718-7db6-4eef-8a9e-8cc86c0e3225,2025-07-05T16:14:54Z,1.25,2025-07-05T16:14:54Z,e.dubois@example.com,2025-07-05T16:14:54Z,e.dubois@example.com
424035ac-231e-4b1c-8af3-317708bf3ecd,Coordinated with vendor,00b93263-502f-4b11-b91d-0e9a4faea2a0,2026-03-29T13:52:21Z,0.75,2026-03-29T13:52:21Z,m.brown@example.com,2026-03-29T13:52:21Z,m.brown@example.com
e7857bd5-f347-4553-9896-d389019bb98c,Applied configuration change,00b93263-502f-4b11-b91d-0e9a4faea2a0,2026-03-29T10:15:27Z,4.0,2026-03-29T10:15:27Z,f.haddad@example.com,2026-03-29T10:15:27Z,f.haddad@example.com
bd1eef41-1fbb-4ce0-97b7-f8d98fc1424a,Verified fix with user,00b93263-502f-4b11-b91d-0e9a4faea2a0,2026-03-29T02:19:43Z,3.0,2026-03-29T02:19:43Z,c.silva@example.com,2026-03-29T02:19:43Z,c.silva@example.com
8edb6291-c19c-43d6-9ce5-5b6290a0cb08,Escalated to L2 support,00b93263-502f-4b11-b91d-0e9a4faea2a0,2026-03-28T16:00:11Z,3.0,2026-03-28T16:00:11Z,m.brown@example.com,2026-03-28T16:00:11Z,m.brown@example.com
f060b07e-70ec-429c-8650-b2e9ae6babd3,Documented resolution steps,00b93263-502f-4b11-b91d-0e9a4faea2a0,2026-03-29T12:33:19Z,4.0,2026-03-29T12:33:19Z,a.jones@example.com,2026-03-29T12:33:19Z,a.jones@example.com
ca4e3a73-1e3f-42b1-b559-e94e694850fd,Verified fix with user,00b93263-502f-4b11-b91d-0e9a4faea2a0,2026-03-28T08:37:48Z,1.5,2026-03-28T08:37:48Z,k.patel@example.com,2026-03-28T08:37:48Z,k.patel@example.com
24913a8a-3554-4c03-93c4-d8c09aaeeaaa,Escalated to L2 support,00b93263-502f-4b11-b91d-0e9a4faea2a0,2026-03-29T02:42:24Z,2.5,2026-03-29T02:42:24Z,a.jones@example.com,2026-03-29T02:42:24Z,a.jones@example.com
457cd427-e868-4e3d-b4b6-d8145bbc7cdc,Verified fix with user,f1258add-9668-4187-9229-cc67ca68b91b,2026-06-09T17:18:20Z,2.5,2026-06-09T17:18:20Z,j.smith@example.com,2026-06-09T17:18:20Z,j.smith@example.com
28baa391-c006-4ab0-9eb5-fdd49c8a1dea,Verified fix with user,f1258add-9668-4187-9229-cc67ca68b91b,2026-04-17T21:20:00Z,3.25,2026-04-17T21:20:00Z,s.wilson@example.com,2026-04-17T21:20:00Z,s.wilson@example.com
0c65edd2-26b8-4092-9f26-93fb6f4f7edf,Documented resolution steps,f1258add-9668-4187-9229-cc67ca68b91b,2026-03-25T23:48:33Z,2.0,2026-03-25T23:48:33Z,j.smith@example.com,2026-03-25T23:48:33Z,j.smith@example.com
335bc62f-3c03-4860-b05c-ea89ec68351a,Ran diagnostics,f1258add-9668-4187-9229-cc67ca68b91b,2026-04-29T06:29:02Z,1.0,2026-04-29T06:29:02Z,f.haddad@example.com,2026-04-29T06:29:02Z,f.haddad@example.com
b53bfb3b-1a08-46d3-83eb-75d2f8a5c0aa,Verified fix with user,f1258add-9668-4187-9229-cc67ca68b91b,2026-03-24T12:00:44Z,1.0,2026-03-24T12:00:44Z,j.smith@example.com,2026-03-24T12:00:44Z,j.smith@example.com
1d0b8970-2597-4558-8e9f-ade5ccbf6b4c,Contacted user for details,31feef32-2bd0-487e-aa20-ea2be3bebad5,2026-01-06T22:38:13Z,2.5,2026-01-06T22:38:13Z,c.silva@example.com,2026-01-06T22:38:13Z,c.silva@example.com
a2cd6bbd-69d4-43a9-9b8d-8dd87917ed3c,Performed rollback and retest,31feef32-2bd0-487e-aa20-ea2be3bebad5,2026-01-05T07:58:30Z,3.0,2026-01-05T07:58:30Z,n.rossi@example.com,2026-01-05T07:58:30Z,n.rossi@example.com
3a4886e4-730f-4a6d-9ee1-e45293196214,Initial triage and diagnosis,31feef32-2bd0-487e-aa20-ea2be3bebad5,2026-01-03T02:29:55Z,3.0,2026-01-03T02:29:55Z,e.dubois@example.com,2026-01-03T02:29:55Z,e.dubois@example.com
1e70ba6a-a18a-44d8-9940-b4b1510a184f,Initial triage and diagnosis,31feef32-2bd0-487e-aa20-ea2be3bebad5,2026-01-06T20:31:44Z,4.0,2026-01-06T20:31:44Z,k.patel@example.com,2026-01-06T20:31:44Z,k.patel@example.com
9276ebba-cc06-488c-9dd2-725c4a7e2ca6,Contacted user for details,31feef32-2bd0-487e-aa20-ea2be3bebad5,2026-01-02T19:28:30Z,3.25,2026-01-02T19:28:30Z,r.lee@example.com,2026-01-02T19:28:30Z,r.lee@example.com
256669e7-ceaa-4612-b2df-e3da8b655075,Contacted user for details,31feef32-2bd0-487e-aa20-ea2be3bebad5,2026-01-05T10:01:02Z,3.0,2026-01-05T10:01:02Z,o.olsen@example.com,2026-01-05T10:01:02Z,o.olsen@example.com
20630810-2360-44d1-b397-a4931f645b60,Verified fix with user,90b22232-50e2-4cec-a813-ee843000da0b,2025-08-19T15:47:53Z,0.5,2025-08-19T15:47:53Z,r.lee@example.com,2025-08-19T15:47:53Z,r.lee@example.com
be5d7e2a-7280-494d-978f-f34add6bf0e0,Ran diagnostics,90b22232-50e2-4cec-a813-ee843000da0b,2025-08-25T16:55:12Z,1.5,2025-08-25T16:55:12Z,m.brown@example.com,2025-08-25T16:55:12Z,m.brown@example.com
93543d6a-606e-48ac-9deb-d18d62206928,Documented resolution steps,90b22232-50e2-4cec-a813-ee843000da0b,2025-08-11T04:34:28Z,0.5,2025-08-11T04:34:28Z,a.jones@example.com,2025-08-11T04:34:28Z,a.jones@example.com
7e4a0c6b-1627-4b4a-aad8-8dd219fb0bde,Initial triage and diagnosis,90b22232-50e2-4cec-a813-ee843000da0b,2025-08-11T21:43:10Z,2.0,2025-08-11T21:43:10Z,n.rossi@example.com,2025-08-11T21:43:10Z,n.rossi@example.com
bf1b18d6-263f-4dd1-995b-f6d97fdb9d43,Contacted user for details,90b22232-50e2-4cec-a813-ee843000da0b,2025-08-23T19:06:26Z,4.0,2025-08-23T19:06:26Z,t.mueller@example.com,2025-08-23T19:06:26Z,t.mueller@example.com
fd40533c-8788-47ea-bf39-2662ede595e9,Initial triage and diagnosis,90b22232-50e2-4cec-a813-ee843000da0b,2025-08-19T12:46:48Z,2.25,2025-08-19T12:46:48Z,f.haddad@example.com,2025-08-19T12:46:48Z,f.haddad@example.com
1a540048-0256-4aa3-bc0d-b831ba8b6ad9,Performed rollback and retest,90b22232-50e2-4cec-a813-ee843000da0b,2025-08-16T13:01:22Z,1.5,2025-08-16T13:01:22Z,a.jones@example.com,2025-08-16T13:01:22Z,a.jones@example.com
b6abf06d-ddc6-40c8-a34b-ae1d1074fa6d,Ran diagnostics,90b22232-50e2-4cec-a813-ee843000da0b,2025-08-21T21:03:21Z,1.0,2025-08-21T21:03:21Z,t.mueller@example.com,2025-08-21T21:03:21Z,t.mueller@example.com
5bc3c959-1597-452b-9d2c-6a72d5be7dd0,Coordinated with vendor,271ed643-0ea6-4234-9db1-05e88f95c45f,2026-01-22T20:22:01Z,0.25,2026-01-22T20:22:01Z,c.silva@example.com,2026-01-22T20:22:01Z,c.silva@example.com
56e26b4e-781b-4552-b2b4-aa822854e418,Verified fix with user,271ed643-0ea6-4234-9db1-05e88f95c45f,2026-02-06T01:46:30Z,2.75,2026-02-06T01:46:30Z,k.patel@example.com,2026-02-06T01:46:30Z,k.patel@example.com
1fb04c30-c9a3-49d2-a5c1-076e090a8bb1,Verified fix with user,271ed643-0ea6-4234-9db1-05e88f95c45f,2026-01-25T20:45:49Z,2.0,2026-01-25T20:45:49Z,c.silva@example.com,2026-01-25T20:45:49Z,c.silva@example.com
888a8f78-ea09-4cbf-8259-fb5fe018c9b1,Applied configuration change,271ed643-0ea6-4234-9db1-05e88f95c45f,2026-05-26T03:29:58Z,0.5,2026-05-26T03:29:58Z,m.brown@example.com,2026-05-26T03:29:58Z,m.brown@example.com
684eae19-0102-448b-a066-41f2cc6a0e06,Ran diagnostics,271ed643-0ea6-4234-9db1-05e88f95c45f,2026-05-21T19:06:33Z,0.25,2026-05-21T19:06:33Z,d.garcia@example.com,2026-05-21T19:06:33Z,d.garcia@example.com
adae6521-95ba-4ef4-80ea-fe370b78b336,Coordinated with vendor,98e65713-4d3f-46c6-9af4-a37c27ff12c8,2025-10-29T02:51:36Z,4.0,2025-10-29T02:51:36Z,n.rossi@example.com,2025-10-29T02:51:36Z,n.rossi@example.com
19a452b5-b0d2-4f09-ae61-79f35620b8f7,Initial triage and diagnosis,98e65713-4d3f-46c6-9af4-a37c27ff12c8,2025-11-01T14:41:59Z,2.0,2025-11-01T14:41:59Z,r.lee@example.com,2025-11-01T14:41:59Z,r.lee@example.com
afd685fd-d4ac-410e-b596-2898b9570545,Contacted user for details,98e65713-4d3f-46c6-9af4-a37c27ff12c8,2025-10-29T19:10:29Z,0.5,2025-10-29T19:10:29Z,o.olsen@example.com,2025-10-29T19:10:29Z,o.olsen@example.com
1486bbc9-33ad-45d4-b8e3-f41701b73595,Documented resolution steps,98e65713-4d3f-46c6-9af4-a37c27ff12c8,2025-10-28T07:18:07Z,2.75,2025-10-28T07:18:07Z,c.silva@example.com,2025-10-28T07:18:07Z,c.silva@example.com
0b56fab0-dc04-4714-929d-40653136128f,Verified fix with user,98e65713-4d3f-46c6-9af4-a37c27ff12c8,2025-10-28T00:26:38Z,0.75,2025-10-28T00:26:38Z,j.smith@example.com,2025-10-28T00:26:38Z,j.smith@example.com
ae79b33f-b273-4e68-9f26-3a044e4cb318,Documented resolution steps,98e65713-4d3f-46c6-9af4-a37c27ff12c8,2025-10-26T14:10:42Z,3.0,2025-10-26T14:10:42Z,a.jones@example.com,2025-10-26T14:10:42Z,a.jones@example.com
b3badabf-42f9-4ac2-bbaf-a7942484f2cb,Applied configuration change,3ede3823-5f85-4ed9-aa7b-0a1102275185,2025-12-26T02:02:41Z,1.0,2025-12-26T02:02:41Z,e.dubois@example.com,2025-12-26T02:02:41Z,e.dubois@example.com
42802876-7f12-4422-9289-9da2b23c1991,Ran diagnostics,3ede3823-5f85-4ed9-aa7b-0a1102275185,2025-12-29T03:28:51Z,0.5,2025-12-29T03:28:51Z,p.novak@example.com,2025-12-29T03:28:51Z,p.novak@example.com
b5461117-3d6f-45be-a1d3-afbdbe83146c,Verified fix with user,3ede3823-5f85-4ed9-aa7b-0a1102275185,2025-12-27T08:20:05Z,3.0,2025-12-27T08:20:05Z,f.haddad@example.com,2025-12-27T08:20:05Z,f.haddad@example.com
984ca7b7-e8c0-49c4-b4a3-3f768508a189,Ran diagnostics,3ede3823-5f85-4ed9-aa7b-0a1102275185,2025-12-25T10:45:05Z,3.0,2025-12-25T10:45:05Z,k.patel@example.com,2025-12-25T10:45:05Z,k.patel@example.com
54e6014d-168c-4f6b-976b-cfc42f1ae1db,Initial triage and diagnosis,3ede3823-5f85-4ed9-aa7b-0a1102275185,2025-12-28T08:43:07Z,1.5,2025-12-28T08:43:07Z,e.dubois@example.com,2025-12-28T08:43:07Z,e.dubois@example.com
fe562297-f945-49f4-bc49-e618bafec2b9,Ran diagnostics,3ede3823-5f85-4ed9-aa7b-0a1102275185,2025-12-26T16:01:19Z,4.0,2025-12-26T16:01:19Z,d.garcia@example.com,2025-12-26T16:01:19Z,d.garcia@example.com
991629fa-a2d7-46cf-b9f8-b33c380aa49c,Verified fix with user,b1a5bc0d-ec0f-4621-af49-af58fdec7d88,2025-12-19T10:04:55Z,4.0,2025-12-19T10:04:55Z,l.martin@example.com,2025-12-19T10:04:55Z,l.martin@example.com
4d171c9a-d864-41e4-ad14-88881113a10f,Verified fix with user,b1a5bc0d-ec0f-4621-af49-af58fdec7d88,2025-12-19T04:22:59Z,2.75,2025-12-19T04:22:59Z,p.novak@example.com,2025-12-19T04:22:59Z,p.novak@example.com
2292ba02-f63f-457e-a1ef-1e48c31feb3f,Verified fix with user,b1a5bc0d-ec0f-4621-af49-af58fdec7d88,2025-12-19T15:51:06Z,0.25,2025-12-19T15:51:06Z,a.jones@example.com,2025-12-19T15:51:06Z,a.jones@example.com
34ffffe7-cb6f-466a-be9b-c7ef0f253102,Replaced faulty component,b1a5bc0d-ec0f-4621-af49-af58fdec7d88,2025-12-18T21:31:27Z,4.25,2025-12-18T21:31:27Z,d.garcia@example.com,2025-12-18T21:31:27Z,d.garcia@example.com
d5648c5a-5024-4b94-8ac3-dbba6ac250d4,Performed rollback and retest,b1a5bc0d-ec0f-4621-af49-af58fdec7d88,2025-12-19T16:01:37Z,0.75,2025-12-19T16:01:37Z,a.jones@example.com,2025-12-19T16:01:37Z,a.jones@example.com
b65e43bf-f9f4-487c-835b-b440ad4bbb48,Documented resolution steps,b1a5bc0d-ec0f-4621-af49-af58fdec7d88,2025-12-18T23:13:57Z,2.0,2025-12-18T23:13:57Z,t.mueller@example.com,2025-12-18T23:13:57Z,t.mueller@example.com
20a00288-391a-4b50-841b-e6b1275794bf,Documented resolution steps,b1a5bc0d-ec0f-4621-af49-af58fdec7d88,2025-12-18T22:46:41Z,0.5,2025-12-18T22:46:41Z,n.rossi@example.com,2025-12-18T22:46:41Z,n.rossi@example.com
a6794e7b-a94c-43d8-8d7e-eb804c254576,Documented resolution steps,b1a5bc0d-ec0f-4621-af49-af58fdec7d88,2025-12-19T06:02:34Z,0.75,2025-12-19T06:02:34Z,t.mueller@example.com,2025-12-19T06:02:34Z,t.mueller@example.com
eddfdea1-cc63-4dcf-952d-01696af4a979,Coordinated with vendor,533faf06-f50b-43ac-99b9-c26c9d895704,2025-06-30T13:13:52Z,1.75,2025-06-30T13:13:52Z,s.wilson@example.com,2025-06-30T13:13:52Z,s.wilson@example.com
39838740-3a50-4adb-8328-f24ed9545636,Escalated to L2 support,533faf06-f50b-43ac-99b9-c26c9d895704,2025-06-25T13:47:32Z,1.75,2025-06-25T13:47:32Z,o.olsen@example.com,2025-06-25T13:47:32Z,o.olsen@example.com
ebf69050-893c-438f-b56d-c12951d19b06,Replaced faulty component,533faf06-f50b-43ac-99b9-c26c9d895704,2025-06-28T16:44:58Z,3.25,2025-06-28T16:44:58Z,p.novak@example.com,2025-06-28T16:44:58Z,p.novak@example.com
9cc44028-2ada-4e77-8ad4-0fdbc4b206a8,Escalated to L2 support,533faf06-f50b-43ac-99b9-c26c9d895704,2025-06-29T00:55:24Z,4.25,2025-06-29T00:55:24Z,m.brown@example.com,2025-06-29T00:55:24Z,m.brown@example.com
1e1d96f2-716a-4e44-a47c-10f134ae4a78,Ran diagnostics,533faf06-f50b-43ac-99b9-c26c9d895704,2025-06-23T03:05:22Z,1.5,2025-06-23T03:05:22Z,t.mueller@example.com,2025-06-23T03:05:22Z,t.mueller@example.com
d1edd719-9980-484a-ba4f-6cc95af5e57e,Coordinated with vendor,533faf06-f50b-43ac-99b9-c26c9d895704,2025-06-28T18:42:48Z,4.0,2025-06-28T18:42:48Z,c.silva@example.com,2025-06-28T18:42:48Z,c.silva@example.com
8900d9c1-38d5-43c1-ada8-70105842c7b8,Ran diagnostics,6978d155-f33e-4348-944b-a1878cc5e762,2026-02-28T17:01:20Z,0.75,2026-02-28T17:01:20Z,d.garcia@example.com,2026-02-28T17:01:20Z,d.garcia@example.com
adb5407e-20b1-4a3d-b9aa-1ddabfade08b,Performed rollback and retest,6978d155-f33e-4348-944b-a1878cc5e762,2026-06-15T12:18:50Z,1.0,2026-06-15T12:18:50Z,k.patel@example.com,2026-06-15T12:18:50Z,k.patel@example.com
7437f473-1876-47c4-8411-2cb53deea941,Escalated to L2 support,6978d155-f33e-4348-944b-a1878cc5e762,2026-02-01T08:51:20Z,0.5,2026-02-01T08:51:20Z,d.garcia@example.com,2026-02-01T08:51:20Z,d.garcia@example.com
227bd7b3-1d6b-47a2-ab30-0c790b8ee72c,Replaced faulty component,6978d155-f33e-4348-944b-a1878cc5e762,2026-03-01T09:11:42Z,4.25,2026-03-01T09:11:42Z,a.jones@example.com,2026-03-01T09:11:42Z,a.jones@example.com
81571c0f-bf48-49fa-be95-1d86b0b8e8b0,Escalated to L2 support,6978d155-f33e-4348-944b-a1878cc5e762,2026-03-18T11:52:01Z,1.5,2026-03-18T11:52:01Z,j.smith@example.com,2026-03-18T11:52:01Z,j.smith@example.com
2b25b8cb-956b-473e-b43f-3a65d5116aa0,Ran diagnostics,6978d155-f33e-4348-944b-a1878cc5e762,2026-04-22T20:54:43Z,3.0,2026-04-22T20:54:43Z,a.jones@example.com,2026-04-22T20:54:43Z,a.jones@example.com
2308d256-6d41-4c4a-9625-d58488711b5b,Coordinated with vendor,6978d155-f33e-4348-944b-a1878cc5e762,2026-05-27T05:23:19Z,4.0,2026-05-27T05:23:19Z,t.mueller@example.com,2026-05-27T05:23:19Z,t.mueller@example.com
60a0d78e-f9b0-4dc7-8c41-b0580a910b92,Performed rollback and retest,d71dc151-4b2f-47a6-b311-d56e3886cc3e,2026-04-09T11:09:45Z,1.0,2026-04-09T11:09:45Z,p.novak@example.com,2026-04-09T11:09:45Z,p.novak@example.com
fd6aaecd-92d9-401e-8f44-18a9b037d848,Coordinated with vendor,d71dc151-4b2f-47a6-b311-d56e3886cc3e,2026-04-07T01:54:56Z,0.75,2026-04-07T01:54:56Z,l.martin@example.com,2026-04-07T01:54:56Z,l.martin@example.com
088a466c-7f3a-4600-b41d-2ae723a45f44,Ran diagnostics,d71dc151-4b2f-47a6-b311-d56e3886cc3e,2026-04-08T06:00:40Z,1.0,2026-04-08T06:00:40Z,c.silva@example.com,2026-04-08T06:00:40Z,c.silva@example.com
73b45562-a80e-4ba6-9e78-0881734c7498,Ran diagnostics,d71dc151-4b2f-47a6-b311-d56e3886cc3e,2026-06-04T04:22:08Z,0.75,2026-06-04T04:22:08Z,a.jones@example.com,2026-06-04T04:22:08Z,a.jones@example.com
1ff1d860-f787-4638-bb77-b3069b107b40,Escalated to L2 support,d71dc151-4b2f-47a6-b311-d56e3886cc3e,2026-02-08T16:37:25Z,1.5,2026-02-08T16:37:25Z,j.smith@example.com,2026-02-08T16:37:25Z,j.smith@example.com
7fea95e6-7d12-427c-9fd1-1c8048426226,Contacted user for details,15cb8062-45d0-4d29-8db0-d6bdc0e68016,2026-04-27T02:25:38Z,4.0,2026-04-27T02:25:38Z,p.novak@example.com,2026-04-27T02:25:38Z,p.novak@example.com
aeee28f3-8653-4f81-9d80-52cc7dec68f3,Applied configuration change,15cb8062-45d0-4d29-8db0-d6bdc0e68016,2026-05-08T04:46:42Z,0.75,2026-05-08T04:46:42Z,e.dubois@example.com,2026-05-08T04:46:42Z,e.dubois@example.com
b730febc-934a-4d5c-bf5b-e3d13882086c,Contacted user for details,15cb8062-45d0-4d29-8db0-d6bdc0e68016,2026-05-31T16:33:41Z,1.5,2026-05-31T16:33:41Z,a.jones@example.com,2026-05-31T16:33:41Z,a.jones@example.com
81d6571d-a25b-454e-bfd7-400abe3834b9,Performed rollback and retest,15cb8062-45d0-4d29-8db0-d6bdc0e68016,2026-04-19T10:41:03Z,1.5,2026-04-19T10:41:03Z,k.patel@example.com,2026-04-19T10:41:03Z,k.patel@example.com
c504f78b-9ea5-458f-a704-705999b053da,Ran diagnostics,15cb8062-45d0-4d29-8db0-d6bdc0e68016,2026-05-08T12:18:41Z,1.0,2026-05-08T12:18:41Z,l.martin@example.com,2026-05-08T12:18:41Z,l.martin@example.com
5002bac1-fe44-4d9c-88da-0739f81d8c80,Initial triage and diagnosis,15cb8062-45d0-4d29-8db0-d6bdc0e68016,2026-02-22T23:51:21Z,2.25,2026-02-22T23:51:21Z,d.garcia@example.com,2026-02-22T23:51:21Z,d.garcia@example.com
1a6e44e5-7dd0-4170-93eb-683529d1a54b,Applied configuration change,15cb8062-45d0-4d29-8db0-d6bdc0e68016,2026-03-01T08:11:01Z,2.5,2026-03-01T08:11:01Z,n.rossi@example.com,2026-03-01T08:11:01Z,n.rossi@example.com
9edf01dd-44d0-42f6-8fcc-1d9d90cebc27,Applied configuration change,15cb8062-45d0-4d29-8db0-d6bdc0e68016,2026-02-20T19:35:32Z,1.0,2026-02-20T19:35:32Z,j.smith@example.com,2026-02-20T19:35:32Z,j.smith@example.com
cbb9d16d-7603-46f4-85bf-c2833a9b474f,Replaced faulty component,94669eb4-7e00-4a81-9df8-2cfe07540aa1,2025-10-20T05:42:56Z,0.5,2025-10-20T05:42:56Z,p.novak@example.com,2025-10-20T05:42:56Z,p.novak@example.com
577851e0-f093-4552-b610-9985061db0a4,Replaced faulty component,94669eb4-7e00-4a81-9df8-2cfe07540aa1,2025-10-21T23:10:57Z,3.0,2025-10-21T23:10:57Z,e.dubois@example.com,2025-10-21T23:10:57Z,e.dubois@example.com
1d393cba-96b0-45b8-9bee-b561c3be1780,Applied configuration change,94669eb4-7e00-4a81-9df8-2cfe07540aa1,2025-10-21T20:15:11Z,3.0,2025-10-21T20:15:11Z,a.jones@example.com,2025-10-21T20:15:11Z,a.jones@example.com
460c2940-ff63-4d9b-b2b4-850edec7d4ff,Ran diagnostics,94669eb4-7e00-4a81-9df8-2cfe07540aa1,2025-10-23T18:31:13Z,0.75,2025-10-23T18:31:13Z,m.brown@example.com,2025-10-23T18:31:13Z,m.brown@example.com
f1b3c2d3-5d9d-415e-b2eb-e4bcaa4d7877,Contacted user for details,94669eb4-7e00-4a81-9df8-2cfe07540aa1,2025-10-14T11:41:15Z,2.0,2025-10-14T11:41:15Z,c.silva@example.com,2025-10-14T11:41:15Z,c.silva@example.com
750c8b75-9a3e-44ba-8a33-1455b67ddd8c,Replaced faulty component,94669eb4-7e00-4a81-9df8-2cfe07540aa1,2025-10-20T02:18:53Z,4.0,2025-10-20T02:18:53Z,o.olsen@example.com,2025-10-20T02:18:53Z,o.olsen@example.com
0daed71a-6761-4b7a-b85f-40a1dac74350,Verified fix with user,94669eb4-7e00-4a81-9df8-2cfe07540aa1,2025-10-23T18:05:37Z,0.75,2025-10-23T18:05:37Z,p.novak@example.com,2025-10-23T18:05:37Z,p.novak@example.com
d6f2c863-a73e-42ad-b88c-7d80e2a84232,Applied configuration change,94669eb4-7e00-4a81-9df8-2cfe07540aa1,2025-10-19T14:18:09Z,1.0,2025-10-19T14:18:09Z,s.wilson@example.com,2025-10-19T14:18:09Z,s.wilson@example.com
a049a79b-4828-4f9f-8ad5-8feecdd3015c,Applied configuration change,55eabf09-5393-4d98-b028-4cdff4f61de4,2025-12-02T08:47:27Z,4.0,2025-12-02T08:47:27Z,p.novak@example.com,2025-12-02T08:47:27Z,p.novak@example.com
6f952204-f686-4cba-b197-25ee3a215cf4,Contacted user for details,55eabf09-5393-4d98-b028-4cdff4f61de4,2025-11-26T23:04:33Z,4.0,2025-11-26T23:04:33Z,f.haddad@example.com,2025-11-26T23:04:33Z,f.haddad@example.com
62f11e99-89af-4862-bebf-bcb68d98cc8e,Applied configuration change,55eabf09-5393-4d98-b028-4cdff4f61de4,2025-11-27T23:58:29Z,0.75,2025-11-27T23:58:29Z,m.brown@example.com,2025-11-27T23:58:29Z,m.brown@example.com
6f6f4c90-7925-4ca8-8a6b-d7a1aac414d7,Replaced faulty component,55eabf09-5393-4d98-b028-4cdff4f61de4,2025-11-25T15:02:54Z,1.0,2025-11-25T15:02:54Z,n.rossi@example.com,2025-11-25T15:02:54Z,n.rossi@example.com
e6482291-ea06-48f8-82eb-dbfcb851b27f,Coordinated with vendor,55eabf09-5393-4d98-b028-4cdff4f61de4,2025-12-01T23:27:45Z,0.5,2025-12-01T23:27:45Z,s.wilson@example.com,2025-12-01T23:27:45Z,s.wilson@example.com
7fdbf1ac-6bb8-459e-b565-25d0db342e2f,Coordinated with vendor,55eabf09-5393-4d98-b028-4cdff4f61de4,2025-11-25T01:00:22Z,0.75,2025-11-25T01:00:22Z,e.dubois@example.com,2025-11-25T01:00:22Z,e.dubois@example.com
43f0183b-86ec-497c-a0e6-f67d67e064e2,Replaced faulty component,8eaf8359-43dc-45bc-92b1-144e5d5e5771,2026-04-11T03:16:04Z,4.0,2026-04-11T03:16:04Z,t.mueller@example.com,2026-04-11T03:16:04Z,t.mueller@example.com
dd125882-dcd8-4fe0-8a22-132a2f280e4e,Ran diagnostics,8eaf8359-43dc-45bc-92b1-144e5d5e5771,2026-04-05T06:35:19Z,1.25,2026-04-05T06:35:19Z,d.garcia@example.com,2026-04-05T06:35:19Z,d.garcia@example.com
7902099f-464f-4f1f-bfba-ee7ca379a6dc,Documented resolution steps,8eaf8359-43dc-45bc-92b1-144e5d5e5771,2025-10-28T01:22:28Z,0.25,2025-10-28T01:22:28Z,k.patel@example.com,2025-10-28T01:22:28Z,k.patel@example.com
1b9d5f13-68df-466a-a1c1-c1bde5ac953d,Performed rollback and retest,8eaf8359-43dc-45bc-92b1-144e5d5e5771,2026-04-05T18:45:51Z,3.0,2026-04-05T18:45:51Z,l.martin@example.com,2026-04-05T18:45:51Z,l.martin@example.com
b78716e2-691b-45bf-b7cb-073d5fe9b25d,Verified fix with user,8eaf8359-43dc-45bc-92b1-144e5d5e5771,2025-11-24T12:18:21Z,2.0,2025-11-24T12:18:21Z,c.silva@example.com,2025-11-24T12:18:21Z,c.silva@example.com
b2e27995-18e4-4ac8-b5d6-6b3a57385880,Performed rollback and retest,afe65dda-fabb-4218-9896-7115fdcf115b,2026-06-18T17:44:16Z,3.0,2026-06-18T17:44:16Z,s.wilson@example.com,2026-06-18T17:44:16Z,s.wilson@example.com
d1b435d6-b00f-4bfb-92f5-9c20a442b4f2,Ran diagnostics,afe65dda-fabb-4218-9896-7115fdcf115b,2026-06-16T21:18:17Z,0.25,2026-06-16T21:18:17Z,d.garcia@example.com,2026-06-16T21:18:17Z,d.garcia@example.com
84649bfe-37cb-44be-a49c-ac115a330eae,Initial triage and diagnosis,afe65dda-fabb-4218-9896-7115fdcf115b,2026-06-19T20:33:23Z,3.0,2026-06-19T20:33:23Z,n.rossi@example.com,2026-06-19T20:33:23Z,n.rossi@example.com
ab74bd89-c80d-4641-83c2-345cbacbc0f1,Replaced faulty component,afe65dda-fabb-4218-9896-7115fdcf115b,2026-06-13T21:49:38Z,2.5,2026-06-13T21:49:38Z,o.olsen@example.com,2026-06-13T21:49:38Z,o.olsen@example.com
41a4a7ce-1fed-4c39-9722-66fad864fef1,Documented resolution steps,afe65dda-fabb-4218-9896-7115fdcf115b,2026-06-17T01:03:25Z,2.5,2026-06-17T01:03:25Z,j.smith@example.com,2026-06-17T01:03:25Z,j.smith@example.com
57303845-bdcb-48b4-85fc-f3116e08f4e6,Coordinated with vendor,afe65dda-fabb-4218-9896-7115fdcf115b,2026-06-13T05:25:02Z,4.0,2026-06-13T05:25:02Z,l.martin@example.com,2026-06-13T05:25:02Z,l.martin@example.com
53490358-d78c-4457-afb5-bdedf9f3b6f4,Ran diagnostics,afe65dda-fabb-4218-9896-7115fdcf115b,2026-06-16T02:34:40Z,0.75,2026-06-16T02:34:40Z,n.rossi@example.com,2026-06-16T02:34:40Z,n.rossi@example.com
f98d891e-3d2a-464a-b5e3-a0bcfd684c39,Contacted user for details,afe65dda-fabb-4218-9896-7115fdcf115b,2026-06-19T06:40:26Z,1.5,2026-06-19T06:40:26Z,m.brown@example.com,2026-06-19T06:40:26Z,m.brown@example.com
e1fb291d-1896-4402-975e-1e82dadd3d2c,Contacted user for details,aaa8e7f0-e2b6-4a11-a330-680a13a28149,2025-11-09T10:40:20Z,0.25,2025-11-09T10:40:20Z,l.martin@example.com,2025-11-09T10:40:20Z,l.martin@example.com
840d3c9d-b444-428e-b20b-09f5f6553fe2,Ran diagnostics,aaa8e7f0-e2b6-4a11-a330-680a13a28149,2025-11-08T17:40:34Z,1.5,2025-11-08T17:40:34Z,e.dubois@example.com,2025-11-08T17:40:34Z,e.dubois@example.com
605f2d8d-281c-468f-b975-690404fb594a,Ran diagnostics,aaa8e7f0-e2b6-4a11-a330-680a13a28149,2025-11-06T21:41:28Z,1.0,2025-11-06T21:41:28Z,e.dubois@example.com,2025-11-06T21:41:28Z,e.dubois@example.com
1c9627be-7bfe-4401-8355-e29029704f77,Escalated to L2 support,aaa8e7f0-e2b6-4a11-a330-680a13a28149,2025-11-05T18:00:54Z,4.25,2025-11-05T18:00:54Z,m.brown@example.com,2025-11-05T18:00:54Z,m.brown@example.com
0d2cfd9c-d528-4b8b-8cde-ad9aa6b29d38,Ran diagnostics,aaa8e7f0-e2b6-4a11-a330-680a13a28149,2025-11-04T01:32:44Z,0.5,2025-11-04T01:32:44Z,j.smith@example.com,2025-11-04T01:32:44Z,j.smith@example.com
b6c94a53-df65-436b-bdf2-136fa77465cc,Escalated to L2 support,aaa8e7f0-e2b6-4a11-a330-680a13a28149,2025-11-07T11:43:10Z,2.5,2025-11-07T11:43:10Z,r.lee@example.com,2025-11-07T11:43:10Z,r.lee@example.com
12933afd-9ccc-4062-9fb8-a9f663f36ed7,Initial triage and diagnosis,aaa8e7f0-e2b6-4a11-a330-680a13a28149,2025-11-08T15:52:51Z,4.25,2025-11-08T15:52:51Z,f.haddad@example.com,2025-11-08T15:52:51Z,f.haddad@example.com
1dc7d5a8-dd6f-47b6-8b21-30ae0bcbbb60,Replaced faulty component,ea145c34-d387-4416-a8b3-19110d645a70,2026-03-05T13:21:02Z,3.0,2026-03-05T13:21:02Z,n.rossi@example.com,2026-03-05T13:21:02Z,n.rossi@example.com
c82e97ed-f8cb-4228-acc7-92aedd0fcbd8,Documented resolution steps,ea145c34-d387-4416-a8b3-19110d645a70,2026-02-22T04:42:29Z,0.75,2026-02-22T04:42:29Z,o.olsen@example.com,2026-02-22T04:42:29Z,o.olsen@example.com
98105e0d-5542-4fc8-9fa2-57f3a2d798e3,Replaced faulty component,ea145c34-d387-4416-a8b3-19110d645a70,2026-03-16T11:12:17Z,0.75,2026-03-16T11:12:17Z,j.smith@example.com,2026-03-16T11:12:17Z,j.smith@example.com
a9bb7dcc-5d99-40ba-857c-0e21dc1b6e4d,Replaced faulty component,ea145c34-d387-4416-a8b3-19110d645a70,2025-12-03T02:55:27Z,2.25,2025-12-03T02:55:27Z,t.mueller@example.com,2025-12-03T02:55:27Z,t.mueller@example.com
1b7f25e1-e21e-4f01-a59e-596b5af331b5,Coordinated with vendor,ea145c34-d387-4416-a8b3-19110d645a70,2026-05-07T11:39:32Z,1.0,2026-05-07T11:39:32Z,f.haddad@example.com,2026-05-07T11:39:32Z,f.haddad@example.com
b762d0ed-e7d7-4e2e-880e-59e6037c53f5,Contacted user for details,ea145c34-d387-4416-a8b3-19110d645a70,2026-02-15T17:27:24Z,4.0,2026-02-15T17:27:24Z,m.brown@example.com,2026-02-15T17:27:24Z,m.brown@example.com
aca7aa09-1b25-4a62-946a-783b3bebb7fc,Coordinated with vendor,ea145c34-d387-4416-a8b3-19110d645a70,2026-06-18T07:58:24Z,1.0,2026-06-18T07:58:24Z,j.smith@example.com,2026-06-18T07:58:24Z,j.smith@example.com
580603ac-322b-462e-93dc-794852ad27a7,Documented resolution steps,ea145c34-d387-4416-a8b3-19110d645a70,2026-01-29T01:43:43Z,1.0,2026-01-29T01:43:43Z,a.jones@example.com,2026-01-29T01:43:43Z,a.jones@example.com
2b724f63-e6a3-4500-93aa-eeb53c157648,Initial triage and diagnosis,f976611f-d7f2-4afd-9709-8eb221a9375d,2025-06-30T07:58:10Z,0.75,2025-06-30T07:58:10Z,o.olsen@example.com,2025-06-30T07:58:10Z,o.olsen@example.com
80bb3f41-a22f-4c77-b0b3-bbba12f9af38,Verified fix with user,f976611f-d7f2-4afd-9709-8eb221a9375d,2025-06-29T14:16:14Z,1.5,2025-06-29T14:16:14Z,o.olsen@example.com,2025-06-29T14:16:14Z,o.olsen@example.com
e0a1703e-2a78-4009-a512-0c3d82fb3a80,Applied configuration change,f976611f-d7f2-4afd-9709-8eb221a9375d,2025-06-30T00:17:38Z,3.25,2025-06-30T00:17:38Z,o.olsen@example.com,2025-06-30T00:17:38Z,o.olsen@example.com
1bc741b6-9822-47c6-96bb-5d8ff95fe60a,Contacted user for details,f976611f-d7f2-4afd-9709-8eb221a9375d,2025-06-30T08:17:28Z,3.0,2025-06-30T08:17:28Z,s.wilson@example.com,2025-06-30T08:17:28Z,s.wilson@example.com
e3990a6a-bf83-48ed-aa66-66d00ddbfdab,Replaced faulty component,f976611f-d7f2-4afd-9709-8eb221a9375d,2025-06-30T01:58:23Z,1.0,2025-06-30T01:58:23Z,t.mueller@example.com,2025-06-30T01:58:23Z,t.mueller@example.com
5b35cdc4-a05f-4b16-90f5-133fa4a8488f,Replaced faulty component,f976611f-d7f2-4afd-9709-8eb221a9375d,2025-06-29T20:42:45Z,0.25,2025-06-29T20:42:45Z,p.novak@example.com,2025-06-29T20:42:45Z,p.novak@example.com
1c67d4ba-cbec-481a-a447-b4c4cb7e8715,Documented resolution steps,f976611f-d7f2-4afd-9709-8eb221a9375d,2025-06-29T20:57:58Z,1.0,2025-06-29T20:57:58Z,f.haddad@example.com,2025-06-29T20:57:58Z,f.haddad@example.com
bbab2b99-97ff-4110-8faa-c645004f1a88,Contacted user for details,f976611f-d7f2-4afd-9709-8eb221a9375d,2025-06-30T08:41:38Z,2.0,2025-06-30T08:41:38Z,r.lee@example.com,2025-06-30T08:41:38Z,r.lee@example.com
48330333-c45f-486f-a90f-3ea14b1c947d,Ran diagnostics,c035faf5-1deb-41d9-bdf7-b9aeb463ee36,2026-02-08T20:32:35Z,1.0,2026-02-08T20:32:35Z,m.brown@example.com,2026-02-08T20:32:35Z,m.brown@example.com
84c6dbd7-5f79-467a-986b-a24b85ef84fa,Coordinated with vendor,c035faf5-1deb-41d9-bdf7-b9aeb463ee36,2026-04-09T20:33:09Z,2.75,2026-04-09T20:33:09Z,p.novak@example.com,2026-04-09T20:33:09Z,p.novak@example.com
963cee31-0085-4ecd-bffc-90c36fc11524,Ran diagnostics,c035faf5-1deb-41d9-bdf7-b9aeb463ee36,2026-02-08T13:51:37Z,1.0,2026-02-08T13:51:37Z,n.rossi@example.com,2026-02-08T13:51:37Z,n.rossi@example.com
b3e265ef-1991-4036-aca9-48fbdfe9f7de,Performed rollback and retest,c035faf5-1deb-41d9-bdf7-b9aeb463ee36,2026-06-08T21:02:49Z,2.0,2026-06-08T21:02:49Z,o.olsen@example.com,2026-06-08T21:02:49Z,o.olsen@example.com
3be15670-57b8-467f-b63e-ad1d24885ec9,Coordinated with vendor,c035faf5-1deb-41d9-bdf7-b9aeb463ee36,2025-12-29T07:58:42Z,0.25,2025-12-29T07:58:42Z,e.dubois@example.com,2025-12-29T07:58:42Z,e.dubois@example.com
75b4f09a-cf80-45f5-8e40-a1371d7aa818,Coordinated with vendor,c035faf5-1deb-41d9-bdf7-b9aeb463ee36,2026-01-12T22:50:31Z,0.75,2026-01-12T22:50:31Z,f.haddad@example.com,2026-01-12T22:50:31Z,f.haddad@example.com
1109fbfa-06f5-4602-9167-f16d7bae6ed2,Documented resolution steps,4c54ea54-f913-4f46-8e31-1072a594eac6,2025-03-07T18:19:35Z,1.0,2025-03-07T18:19:35Z,l.martin@example.com,2025-03-07T18:19:35Z,l.martin@example.com
6fd00da2-c768-4d8e-a910-8e52e3c82ecc,Coordinated with vendor,4c54ea54-f913-4f46-8e31-1072a594eac6,2025-03-07T23:12:55Z,2.75,2025-03-07T23:12:55Z,a.jones@example.com,2025-03-07T23:12:55Z,a.jones@example.com
0cb38dff-61a4-4971-a2ed-1b0a634aaebf,Coordinated with vendor,4c54ea54-f913-4f46-8e31-1072a594eac6,2025-03-07T17:28:15Z,2.0,2025-03-07T17:28:15Z,m.brown@example.com,2025-03-07T17:28:15Z,m.brown@example.com
a5751600-da4b-4c7c-a450-22f6ecf9e7b9,Escalated to L2 support,4c54ea54-f913-4f46-8e31-1072a594eac6,2025-03-07T22:12:19Z,4.0,2025-03-07T22:12:19Z,c.silva@example.com,2025-03-07T22:12:19Z,c.silva@example.com
7c302f1d-0177-486f-a897-70281751c180,Ran diagnostics,4c54ea54-f913-4f46-8e31-1072a594eac6,2025-03-08T06:14:50Z,0.25,2025-03-08T06:14:50Z,d.garcia@example.com,2025-03-08T06:14:50Z,d.garcia@example.com
a71494b1-970c-45d1-a561-45da1cbb2339,Documented resolution steps,4c54ea54-f913-4f46-8e31-1072a594eac6,2025-03-08T03:18:38Z,4.25,2025-03-08T03:18:38Z,n.rossi@example.com,2025-03-08T03:18:38Z,n.rossi@example.com
be837bee-816b-489c-b3fd-a55c844d3d7f,Verified fix with user,4c54ea54-f913-4f46-8e31-1072a594eac6,2025-03-08T06:02:19Z,1.0,2025-03-08T06:02:19Z,k.patel@example.com,2025-03-08T06:02:19Z,k.patel@example.com
ac3be8b4-e74a-47ec-99aa-05b0bc7e3e5a,Contacted user for details,4c54ea54-f913-4f46-8e31-1072a594eac6,2025-03-07T17:52:26Z,1.5,2025-03-07T17:52:26Z,o.olsen@example.com,2025-03-07T17:52:26Z,o.olsen@example.com
92336364-79f7-47fc-a448-2736239dbecc,Applied configuration change,8ab4795b-3872-4f3b-8332-d20bfc84d6df,2026-03-23T13:35:19Z,2.0,2026-03-23T13:35:19Z,d.garcia@example.com,2026-03-23T13:35:19Z,d.garcia@example.com
ec68bf58-df7b-43c7-8491-7ff99326e1eb,Replaced faulty component,8ab4795b-3872-4f3b-8332-d20bfc84d6df,2026-04-24T16:45:32Z,4.0,2026-04-24T16:45:32Z,r.lee@example.com,2026-04-24T16:45:32Z,r.lee@example.com
93599f2f-e031-4e2b-b876-2610ad0427e0,Documented resolution steps,8ab4795b-3872-4f3b-8332-d20bfc84d6df,2025-11-26T03:45:13Z,0.25,2025-11-26T03:45:13Z,t.mueller@example.com,2025-11-26T03:45:13Z,t.mueller@example.com
8cf62654-531e-4a0c-b1fc-69ff02dec173,Documented resolution steps,8ab4795b-3872-4f3b-8332-d20bfc84d6df,2026-03-15T04:02:13Z,3.0,2026-03-15T04:02:13Z,l.martin@example.com,2026-03-15T04:02:13Z,l.martin@example.com
6c0bbe27-048b-48c1-b318-65d1bda17a3d,Documented resolution steps,8ab4795b-3872-4f3b-8332-d20bfc84d6df,2026-06-12T11:21:46Z,4.0,2026-06-12T11:21:46Z,c.silva@example.com,2026-06-12T11:21:46Z,c.silva@example.com
6dfea929-2215-4616-9958-84125d1e477f,Applied configuration change,8ab4795b-3872-4f3b-8332-d20bfc84d6df,2026-01-16T20:23:04Z,0.75,2026-01-16T20:23:04Z,r.lee@example.com,2026-01-16T20:23:04Z,r.lee@example.com
dfa73fee-e793-413f-be44-2ac4c180e12f,Escalated to L2 support,8ab4795b-3872-4f3b-8332-d20bfc84d6df,2026-05-31T06:48:03Z,4.25,2026-05-31T06:48:03Z,s.wilson@example.com,2026-05-31T06:48:03Z,s.wilson@example.com
d8d730e4-2b72-4ed1-abc8-0129e03c719b,Initial triage and diagnosis,641f42e2-10f8-4e4d-b01b-997e4282935c,2026-02-17T16:45:20Z,1.0,2026-02-17T16:45:20Z,d.garcia@example.com,2026-02-17T16:45:20Z,d.garcia@example.com
4434a9e6-87b1-4017-bbb5-fec9a65fb3b3,Ran diagnostics,641f42e2-10f8-4e4d-b01b-997e4282935c,2025-07-24T20:34:58Z,1.0,2025-07-24T20:34:58Z,c.silva@example.com,2025-07-24T20:34:58Z,c.silva@example.com
c0d54201-bcd0-4b81-9139-8d76af6314ca,Escalated to L2 support,641f42e2-10f8-4e4d-b01b-997e4282935c,2025-08-17T18:27:52Z,1.25,2025-08-17T18:27:52Z,o.olsen@example.com,2025-08-17T18:27:52Z,o.olsen@example.com
c22cdaa5-326c-48c1-ac5b-4a2566a3682d,Ran diagnostics,641f42e2-10f8-4e4d-b01b-997e4282935c,2026-04-15T03:42:14Z,2.0,2026-04-15T03:42:14Z,r.lee@example.com,2026-04-15T03:42:14Z,r.lee@example.com
1ea7533d-ef51-48e6-bec8-eab8129bbd73,Verified fix with user,641f42e2-10f8-4e4d-b01b-997e4282935c,2026-03-31T20:09:33Z,2.0,2026-03-31T20:09:33Z,d.garcia@example.com,2026-03-31T20:09:33Z,d.garcia@example.com
3344db37-06e3-4552-8a70-d543ddb91b80,Ran diagnostics,641f42e2-10f8-4e4d-b01b-997e4282935c,2026-03-15T15:47:35Z,3.25,2026-03-15T15:47:35Z,a.jones@example.com,2026-03-15T15:47:35Z,a.jones@example.com
4af57e08-f2f4-455a-8798-0ee0afdd83ed,Coordinated with vendor,50246819-c191-48eb-895c-19aad1fb1fe6,2025-12-16T13:48:11Z,2.0,2025-12-16T13:48:11Z,m.brown@example.com,2025-12-16T13:48:11Z,m.brown@example.com
cc01c339-88a1-4060-abee-fbd90c9db037,Initial triage and diagnosis,50246819-c191-48eb-895c-19aad1fb1fe6,2025-12-24T08:15:53Z,0.75,2025-12-24T08:15:53Z,n.rossi@example.com,2025-12-24T08:15:53Z,n.rossi@example.com
bd975ead-dccf-4e59-a85a-820dabe2fa6b,Applied configuration change,50246819-c191-48eb-895c-19aad1fb1fe6,2025-12-14T07:06:02Z,0.25,2025-12-14T07:06:02Z,r.lee@example.com,2025-12-14T07:06:02Z,r.lee@example.com
8c9855e1-9266-4b1b-9832-99fff9d4c7e6,Applied configuration change,50246819-c191-48eb-895c-19aad1fb1fe6,2025-12-27T19:12:37Z,1.0,2025-12-27T19:12:37Z,c.silva@example.com,2025-12-27T19:12:37Z,c.silva@example.com
f86c6d02-4653-4c36-bdfb-057881ce5ce1,Initial triage and diagnosis,50246819-c191-48eb-895c-19aad1fb1fe6,2025-12-12T17:07:31Z,1.25,2025-12-12T17:07:31Z,l.martin@example.com,2025-12-12T17:07:31Z,l.martin@example.com
f6ec2177-f022-4ace-b782-27ce299461da,Initial triage and diagnosis,50246819-c191-48eb-895c-19aad1fb1fe6,2025-12-27T11:42:54Z,3.25,2025-12-27T11:42:54Z,j.smith@example.com,2025-12-27T11:42:54Z,j.smith@example.com
4345fe69-a39e-4fac-ba33-28eafe40342b,Initial triage and diagnosis,50246819-c191-48eb-895c-19aad1fb1fe6,2025-12-25T09:50:10Z,4.25,2025-12-25T09:50:10Z,j.smith@example.com,2025-12-25T09:50:10Z,j.smith@example.com
a0ed2292-ce27-4c21-af05-ba38ac08a433,Coordinated with vendor,50246819-c191-48eb-895c-19aad1fb1fe6,2025-12-25T08:12:29Z,1.5,2025-12-25T08:12:29Z,j.smith@example.com,2025-12-25T08:12:29Z,j.smith@example.com
7a586d26-36ab-482b-9f1c-7213eef2314e,Contacted user for details,0870a821-9520-46d3-ada6-949798a5c1ef,2026-02-03T18:41:19Z,2.5,2026-02-03T18:41:19Z,e.dubois@example.com,2026-02-03T18:41:19Z,e.dubois@example.com
e531475f-fe1a-46b5-bd06-042dbde0c386,Performed rollback and retest,0870a821-9520-46d3-ada6-949798a5c1ef,2026-02-04T11:10:30Z,0.25,2026-02-04T11:10:30Z,s.wilson@example.com,2026-02-04T11:10:30Z,s.wilson@example.com
d9e33c9e-560a-4f09-ad85-544abf6bf957,Contacted user for details,0870a821-9520-46d3-ada6-949798a5c1ef,2026-02-03T04:29:56Z,1.5,2026-02-03T04:29:56Z,o.olsen@example.com,2026-02-03T04:29:56Z,o.olsen@example.com
155dd9a0-7158-412c-ad87-72e8590e458d,Verified fix with user,0870a821-9520-46d3-ada6-949798a5c1ef,2026-01-29T10:49:44Z,4.0,2026-01-29T10:49:44Z,m.brown@example.com,2026-01-29T10:49:44Z,m.brown@example.com
cb095bff-b33a-4593-b550-8182c531b934,Documented resolution steps,0870a821-9520-46d3-ada6-949798a5c1ef,2026-01-23T00:37:17Z,1.0,2026-01-23T00:37:17Z,p.novak@example.com,2026-01-23T00:37:17Z,p.novak@example.com
1f36c79c-b02f-4e54-90e0-cb68c0f3dd5e,Applied configuration change,faf23e0d-0853-4274-aedf-e3c71de42e32,2026-03-27T19:13:07Z,2.25,2026-03-27T19:13:07Z,r.lee@example.com,2026-03-27T19:13:07Z,r.lee@example.com
41f4ed56-aef6-4f8a-9128-85b3b50bc059,Performed rollback and retest,faf23e0d-0853-4274-aedf-e3c71de42e32,2026-06-05T06:23:33Z,2.5,2026-06-05T06:23:33Z,p.novak@example.com,2026-06-05T06:23:33Z,p.novak@example.com
48470e98-68c2-4e47-8fa8-c7dc1baa0f1b,Replaced faulty component,faf23e0d-0853-4274-aedf-e3c71de42e32,2026-04-09T20:35:05Z,1.0,2026-04-09T20:35:05Z,a.jones@example.com,2026-04-09T20:35:05Z,a.jones@example.com
c02e8dca-923d-4fc0-8d49-2c74d6fbf6f4,Documented resolution steps,faf23e0d-0853-4274-aedf-e3c71de42e32,2026-03-13T10:44:18Z,2.5,2026-03-13T10:44:18Z,c.silva@example.com,2026-03-13T10:44:18Z,c.silva@example.com
a5b6323b-b3fa-4128-af03-6e07852cb4d5,Initial triage and diagnosis,faf23e0d-0853-4274-aedf-e3c71de42e32,2026-04-13T23:50:39Z,2.0,2026-04-13T23:50:39Z,a.jones@example.com,2026-04-13T23:50:39Z,a.jones@example.com
f034c71c-1feb-4d74-940c-4660d512944a,Replaced faulty component,faf23e0d-0853-4274-aedf-e3c71de42e32,2026-04-12T08:38:49Z,3.0,2026-04-12T08:38:49Z,p.novak@example.com,2026-04-12T08:38:49Z,p.novak@example.com
b6cdac04-3b95-47c9-b90b-d74f2ed9adc9,Documented resolution steps,faf23e0d-0853-4274-aedf-e3c71de42e32,2026-03-03T08:26:58Z,0.75,2026-03-03T08:26:58Z,m.brown@example.com,2026-03-03T08:26:58Z,m.brown@example.com
4819dbe5-b557-4d52-ad8d-7b28912996f0,Initial triage and diagnosis,faf23e0d-0853-4274-aedf-e3c71de42e32,2026-05-09T15:46:47Z,4.25,2026-05-09T15:46:47Z,a.jones@example.com,2026-05-09T15:46:47Z,a.jones@example.com
baaede92-27a4-48a6-ad67-5cf6396ec6d9,Contacted user for details,5ef8df3e-005a-4dad-8cfe-67140fcc896e,2026-01-18T15:26:03Z,2.5,2026-01-18T15:26:03Z,k.patel@example.com,2026-01-18T15:26:03Z,k.patel@example.com
d786cbb5-3be3-4f44-a963-b29d537c7226,Ran diagnostics,5ef8df3e-005a-4dad-8cfe-67140fcc896e,2026-02-20T17:12:41Z,1.5,2026-02-20T17:12:41Z,c.silva@example.com,2026-02-20T17:12:41Z,c.silva@example.com
1a612cbb-3638-497b-9d53-110650c057e3,Applied configuration change,5ef8df3e-005a-4dad-8cfe-67140fcc896e,2026-05-22T01:57:36Z,1.25,2026-05-22T01:57:36Z,a.jones@example.com,2026-05-22T01:57:36Z,a.jones@example.com
36cc2b66-3703-41ce-a1df-84bac9456af6,Performed rollback and retest,5ef8df3e-005a-4dad-8cfe-67140fcc896e,2026-01-29T18:54:06Z,0.5,2026-01-29T18:54:06Z,l.martin@example.com,2026-01-29T18:54:06Z,l.martin@example.com
c44f29bf-6f74-4c98-89e9-6bff8b51748c,Documented resolution steps,5ef8df3e-005a-4dad-8cfe-67140fcc896e,2026-02-28T00:06:51Z,2.25,2026-02-28T00:06:51Z,l.martin@example.com,2026-02-28T00:06:51Z,l.martin@example.com
818f82dd-2eaf-4980-86a7-cf997a5d41db,Performed rollback and retest,5ef8df3e-005a-4dad-8cfe-67140fcc896e,2026-06-13T07:23:11Z,0.75,2026-06-13T07:23:11Z,l.martin@example.com,2026-06-13T07:23:11Z,l.martin@example.com
7932bfd7-4968-46b7-9105-e91f3edaba09,Documented resolution steps,5ef8df3e-005a-4dad-8cfe-67140fcc896e,2025-12-20T11:21:17Z,3.0,2025-12-20T11:21:17Z,m.brown@example.com,2025-12-20T11:21:17Z,m.brown@example.com
dcb7de7c-c10d-4af0-99a7-533d5df6322d,Escalated to L2 support,5ef8df3e-005a-4dad-8cfe-67140fcc896e,2026-02-04T09:51:43Z,1.75,2026-02-04T09:51:43Z,e.dubois@example.com,2026-02-04T09:51:43Z,e.dubois@example.com
4b7a705c-fc25-4112-ae83-36afb0f341f9,Initial triage and diagnosis,5825416c-bd21-4073-82c6-8d0b6a9ee393,2026-01-19T21:21:27Z,2.75,2026-01-19T21:21:27Z,n.rossi@example.com,2026-01-19T21:21:27Z,n.rossi@example.com
6ce0151c-97f2-4c5c-b59a-87e35ded2408,Escalated to L2 support,5825416c-bd21-4073-82c6-8d0b6a9ee393,2026-04-10T20:30:11Z,2.0,2026-04-10T20:30:11Z,a.jones@example.com,2026-04-10T20:30:11Z,a.jones@example.com
1ca26d6a-2b8d-4302-a542-97660c1fb562,Performed rollback and retest,5825416c-bd21-4073-82c6-8d0b6a9ee393,2026-02-18T03:44:29Z,2.0,2026-02-18T03:44:29Z,t.mueller@example.com,2026-02-18T03:44:29Z,t.mueller@example.com
a0a6501e-dae3-45c1-9422-5b2678472fc5,Documented resolution steps,5825416c-bd21-4073-82c6-8d0b6a9ee393,2025-06-24T23:19:30Z,2.5,2025-06-24T23:19:30Z,p.novak@example.com,2025-06-24T23:19:30Z,p.novak@example.com
1944a224-5006-4095-adeb-e48797f4cf85,Escalated to L2 support,5825416c-bd21-4073-82c6-8d0b6a9ee393,2025-07-18T21:55:29Z,0.25,2025-07-18T21:55:29Z,d.garcia@example.com,2025-07-18T21:55:29Z,d.garcia@example.com
8aeffbef-33ce-4c84-8466-6040bd4001b5,Verified fix with user,5825416c-bd21-4073-82c6-8d0b6a9ee393,2025-12-23T02:17:51Z,4.0,2025-12-23T02:17:51Z,k.patel@example.com,2025-12-23T02:17:51Z,k.patel@example.com
bebb9b85-a293-48be-8abb-3e6a1e03014b,Initial triage and diagnosis,5825416c-bd21-4073-82c6-8d0b6a9ee393,2025-11-06T16:05:04Z,3.0,2025-11-06T16:05:04Z,l.martin@example.com,2025-11-06T16:05:04Z,l.martin@example.com
84e627c2-4342-499e-988f-f97a53361863,Contacted user for details,5825416c-bd21-4073-82c6-8d0b6a9ee393,2025-12-12T06:12:09Z,0.5,2025-12-12T06:12:09Z,r.lee@example.com,2025-12-12T06:12:09Z,r.lee@example.com
2005f201-57b1-44d2-b6a9-fcf5f61f2f6b,Applied configuration change,2983d4a2-0764-4b43-9a31-4b60f9627917,2025-11-03T18:46:00Z,4.0,2025-11-03T18:46:00Z,n.rossi@example.com,2025-11-03T18:46:00Z,n.rossi@example.com
ebc907ba-5581-4e33-9a7e-21f85ab12fad,Escalated to L2 support,2983d4a2-0764-4b43-9a31-4b60f9627917,2026-01-10T09:59:39Z,4.25,2026-01-10T09:59:39Z,k.patel@example.com,2026-01-10T09:59:39Z,k.patel@example.com
1386ffd0-c9b9-4e97-8073-86521cb736b9,Documented resolution steps,2983d4a2-0764-4b43-9a31-4b60f9627917,2026-03-08T22:31:53Z,0.75,2026-03-08T22:31:53Z,t.mueller@example.com,2026-03-08T22:31:53Z,t.mueller@example.com
b8d7e913-ec2c-41ad-bc56-93b38de0f09b,Performed rollback and retest,2983d4a2-0764-4b43-9a31-4b60f9627917,2026-03-01T14:05:24Z,0.25,2026-03-01T14:05:24Z,k.patel@example.com,2026-03-01T14:05:24Z,k.patel@example.com
ad1a764b-8469-41ed-bd1a-85dedb4161de,Escalated to L2 support,2983d4a2-0764-4b43-9a31-4b60f9627917,2026-03-27T23:20:43Z,2.5,2026-03-27T23:20:43Z,c.silva@example.com,2026-03-27T23:20:43Z,c.silva@example.com
70eb2a37-b1bd-4814-90c9-5b543eb7c9e2,Contacted user for details,2983d4a2-0764-4b43-9a31-4b60f9627917,2025-10-05T04:00:02Z,1.5,2025-10-05T04:00:02Z,e.dubois@example.com,2025-10-05T04:00:02Z,e.dubois@example.com
6edefe8d-6cf0-4d0d-b01e-d43514dcb0d8,Applied configuration change,3405bca9-1481-4170-9af9-2fc23032f71a,2025-05-21T14:30:39Z,2.75,2025-05-21T14:30:39Z,e.dubois@example.com,2025-05-21T14:30:39Z,e.dubois@example.com
88897ec8-6801-45f6-8d38-c649a947ebe2,Ran diagnostics,3405bca9-1481-4170-9af9-2fc23032f71a,2025-05-21T23:49:43Z,2.75,2025-05-21T23:49:43Z,m.brown@example.com,2025-05-21T23:49:43Z,m.brown@example.com
34f7974f-eda9-4157-aca6-f435db0af2c3,Applied configuration change,3405bca9-1481-4170-9af9-2fc23032f71a,2025-05-22T08:40:05Z,4.0,2025-05-22T08:40:05Z,n.rossi@example.com,2025-05-22T08:40:05Z,n.rossi@example.com
37646aa8-bd15-4749-9360-4f2f153ef92b,Verified fix with user,3405bca9-1481-4170-9af9-2fc23032f71a,2025-05-21T11:25:33Z,1.5,2025-05-21T11:25:33Z,m.brown@example.com,2025-05-21T11:25:33Z,m.brown@example.com
7ec023c5-6350-4fa0-aae6-d0ce30dc7faf,Ran diagnostics,3405bca9-1481-4170-9af9-2fc23032f71a,2025-05-21T05:47:54Z,0.25,2025-05-21T05:47:54Z,j.smith@example.com,2025-05-21T05:47:54Z,j.smith@example.com
f9e77296-bd6e-4de7-a745-3e9ca1af87af,Coordinated with vendor,3405bca9-1481-4170-9af9-2fc23032f71a,2025-05-19T08:00:03Z,1.25,2025-05-19T08:00:03Z,n.rossi@example.com,2025-05-19T08:00:03Z,n.rossi@example.com
cc2fdfab-11a8-40a9-93e5-94ffd1bdf250,Initial triage and diagnosis,277c2e34-226e-4229-9997-77a49b7eb1f4,2026-04-04T05:13:52Z,0.5,2026-04-04T05:13:52Z,d.garcia@example.com,2026-04-04T05:13:52Z,d.garcia@example.com
143f5417-7065-4227-a4e4-07106609c42b,Contacted user for details,277c2e34-226e-4229-9997-77a49b7eb1f4,2026-04-08T23:46:16Z,1.5,2026-04-08T23:46:16Z,f.haddad@example.com,2026-04-08T23:46:16Z,f.haddad@example.com
2e879030-cc46-4789-ad9e-1b2cd0a4a1ed,Performed rollback and retest,277c2e34-226e-4229-9997-77a49b7eb1f4,2026-04-06T22:04:50Z,0.5,2026-04-06T22:04:50Z,s.wilson@example.com,2026-04-06T22:04:50Z,s.wilson@example.com
7a4ecffa-ae97-4677-8675-1bc916f435f8,Performed rollback and retest,277c2e34-226e-4229-9997-77a49b7eb1f4,2026-05-25T11:27:43Z,2.25,2026-05-25T11:27:43Z,m.brown@example.com,2026-05-25T11:27:43Z,m.brown@example.com
b2d909df-9728-48e4-be63-0150283c5575,Initial triage and diagnosis,277c2e34-226e-4229-9997-77a49b7eb1f4,2026-02-07T16:44:55Z,1.0,2026-02-07T16:44:55Z,p.novak@example.com,2026-02-07T16:44:55Z,p.novak@example.com
c83ae2d7-0c66-40cb-9310-6bfdf1c56bee,Coordinated with vendor,277c2e34-226e-4229-9997-77a49b7eb1f4,2026-05-02T08:36:20Z,2.0,2026-05-02T08:36:20Z,e.dubois@example.com,2026-05-02T08:36:20Z,e.dubois@example.com
f8aac8f4-8c9b-4dca-ad3e-77e4cd2d6f76,Coordinated with vendor,afeb9d4f-8cc6-48b6-869f-fec946f6a9a0,2026-02-18T13:27:15Z,0.5,2026-02-18T13:27:15Z,r.lee@example.com,2026-02-18T13:27:15Z,r.lee@example.com
b2d5bfd6-8aba-4697-a7cd-daa93c2790f9,Verified fix with user,afeb9d4f-8cc6-48b6-869f-fec946f6a9a0,2026-02-14T08:13:41Z,2.25,2026-02-14T08:13:41Z,k.patel@example.com,2026-02-14T08:13:41Z,k.patel@example.com
03552af3-ab13-413d-a0fd-24da564f5633,Verified fix with user,afeb9d4f-8cc6-48b6-869f-fec946f6a9a0,2026-02-07T15:35:26Z,0.75,2026-02-07T15:35:26Z,t.mueller@example.com,2026-02-07T15:35:26Z,t.mueller@example.com
961aaa8e-97d4-493c-a300-69ac985bf980,Documented resolution steps,afeb9d4f-8cc6-48b6-869f-fec946f6a9a0,2026-02-09T03:02:34Z,4.25,2026-02-09T03:02:34Z,s.wilson@example.com,2026-02-09T03:02:34Z,s.wilson@example.com
b6f072a0-1366-475f-bfd0-b8ac190d1d6e,Replaced faulty component,afeb9d4f-8cc6-48b6-869f-fec946f6a9a0,2026-02-12T17:33:44Z,3.0,2026-02-12T17:33:44Z,l.martin@example.com,2026-02-12T17:33:44Z,l.martin@example.com
ab371ee1-fcd5-4836-a8c7-ff231e9988a9,Ran diagnostics,afeb9d4f-8cc6-48b6-869f-fec946f6a9a0,2026-02-15T18:54:23Z,4.0,2026-02-15T18:54:23Z,e.dubois@example.com,2026-02-15T18:54:23Z,e.dubois@example.com
e9717eb9-57cc-4460-b63c-ed06427a3d5b,Ran diagnostics,afeb9d4f-8cc6-48b6-869f-fec946f6a9a0,2026-02-15T22:23:34Z,0.25,2026-02-15T22:23:34Z,a.jones@example.com,2026-02-15T22:23:34Z,a.jones@example.com
a2c9b548-5c74-4054-b0d0-d51f087628a2,Ran diagnostics,afeb9d4f-8cc6-48b6-869f-fec946f6a9a0,2026-02-07T23:38:04Z,0.5,2026-02-07T23:38:04Z,k.patel@example.com,2026-02-07T23:38:04Z,k.patel@example.com
45d65840-5f6a-4e40-abea-1530347ad14a,Verified fix with user,49eb35e4-c114-482b-988c-874f083deded,2025-04-06T07:55:29Z,3.0,2025-04-06T07:55:29Z,j.smith@example.com,2025-04-06T07:55:29Z,j.smith@example.com
a95349cd-075f-4931-b388-96e15cc41677,Contacted user for details,49eb35e4-c114-482b-988c-874f083deded,2025-04-05T02:52:52Z,2.5,2025-04-05T02:52:52Z,k.patel@example.com,2025-04-05T02:52:52Z,k.patel@example.com
0da91bec-ea50-4124-9788-5a9e12fa84bb,Contacted user for details,49eb35e4-c114-482b-988c-874f083deded,2025-04-05T10:46:17Z,2.5,2025-04-05T10:46:17Z,c.silva@example.com,2025-04-05T10:46:17Z,c.silva@example.com
30541674-67cf-4884-b961-91f190cb6783,Replaced faulty component,49eb35e4-c114-482b-988c-874f083deded,2025-04-05T01:36:53Z,2.0,2025-04-05T01:36:53Z,o.olsen@example.com,2025-04-05T01:36:53Z,o.olsen@example.com
61f5287f-6e43-4a9f-8ffb-a7654df8065d,Applied configuration change,49eb35e4-c114-482b-988c-874f083deded,2025-04-05T04:05:07Z,2.5,2025-04-05T04:05:07Z,t.mueller@example.com,2025-04-05T04:05:07Z,t.mueller@example.com
c6359bd6-fb92-48f7-9ec1-7e53d570ed30,Applied configuration change,49eb35e4-c114-482b-988c-874f083deded,2025-04-04T23:04:53Z,4.0,2025-04-04T23:04:53Z,e.dubois@example.com,2025-04-04T23:04:53Z,e.dubois@example.com
d8df368f-65ab-4c63-baad-31084e897328,Escalated to L2 support,26091647-d800-44cd-a4a8-eff9b5d387a7,2025-02-07T06:08:41Z,1.5,2025-02-07T06:08:41Z,p.novak@example.com,2025-02-07T06:08:41Z,p.novak@example.com
4d359e32-2138-45fa-90cb-57b8154f9521,Ran diagnostics,26091647-d800-44cd-a4a8-eff9b5d387a7,2025-02-09T18:13:34Z,2.5,2025-02-09T18:13:34Z,s.wilson@example.com,2025-02-09T18:13:34Z,s.wilson@example.com
1454120b-677d-4db2-94cf-0d76c5f8e917,Verified fix with user,26091647-d800-44cd-a4a8-eff9b5d387a7,2025-01-30T11:18:02Z,4.0,2025-01-30T11:18:02Z,l.martin@example.com,2025-01-30T11:18:02Z,l.martin@example.com
73797597-8fd4-4384-bd46-278044e86319,Coordinated with vendor,26091647-d800-44cd-a4a8-eff9b5d387a7,2025-01-31T22:49:08Z,2.75,2025-01-31T22:49:08Z,l.martin@example.com,2025-01-31T22:49:08Z,l.martin@example.com
5058e7d6-1e43-4b4f-ae82-934afacc6b78,Performed rollback and retest,26091647-d800-44cd-a4a8-eff9b5d387a7,2025-02-01T22:34:45Z,3.0,2025-02-01T22:34:45Z,j.smith@example.com,2025-02-01T22:34:45Z,j.smith@example.com
c9db89a9-99b1-4954-94b9-12b0f301fb5e,Initial triage and diagnosis,26091647-d800-44cd-a4a8-eff9b5d387a7,2025-01-30T09:16:26Z,0.25,2025-01-30T09:16:26Z,s.wilson@example.com,2025-01-30T09:16:26Z,s.wilson@example.com
26383cec-c160-48dd-9e5f-24fc8a3d2ac6,Escalated to L2 support,45c13d13-e4f4-45ff-be65-b9bc49a4ccda,2025-06-17T04:01:12Z,2.5,2025-06-17T04:01:12Z,j.smith@example.com,2025-06-17T04:01:12Z,j.smith@example.com
f046f2bf-37a9-4f2a-9bcb-a55d2ef87945,Performed rollback and retest,45c13d13-e4f4-45ff-be65-b9bc49a4ccda,2025-06-11T17:33:21Z,2.5,2025-06-11T17:33:21Z,k.patel@example.com,2025-06-11T17:33:21Z,k.patel@example.com
71fde7aa-b717-4b31-a3a4-4a21d54f53a4,Applied configuration change,45c13d13-e4f4-45ff-be65-b9bc49a4ccda,2025-06-24T10:00:14Z,0.25,2025-06-24T10:00:14Z,t.mueller@example.com,2025-06-24T10:00:14Z,t.mueller@example.com
d2c24cbe-a397-4d28-8e3c-32f143eced5b,Initial triage and diagnosis,45c13d13-e4f4-45ff-be65-b9bc49a4ccda,2025-06-12T12:54:50Z,0.25,2025-06-12T12:54:50Z,c.silva@example.com,2025-06-12T12:54:50Z,c.silva@example.com
20405630-18f4-48ce-b783-01a00498e55d,Coordinated with vendor,45c13d13-e4f4-45ff-be65-b9bc49a4ccda,2025-06-13T14:46:21Z,3.0,2025-06-13T14:46:21Z,n.rossi@example.com,2025-06-13T14:46:21Z,n.rossi@example.com
cf037896-ae71-42c8-8cd1-2bc07d7aec70,Ran diagnostics,d486d953-dc16-4c43-97b9-1a3932d92336,2025-09-19T12:09:24Z,0.25,2025-09-19T12:09:24Z,j.smith@example.com,2025-09-19T12:09:24Z,j.smith@example.com
6616f7a6-11cc-487e-9585-fe3f861ceaa9,Initial triage and diagnosis,d486d953-dc16-4c43-97b9-1a3932d92336,2025-09-20T11:27:14Z,2.5,2025-09-20T11:27:14Z,m.brown@example.com,2025-09-20T11:27:14Z,m.brown@example.com
f41a9523-0c70-4751-91b3-cb42e78e06dd,Escalated to L2 support,d486d953-dc16-4c43-97b9-1a3932d92336,2025-09-21T01:12:30Z,2.5,2025-09-21T01:12:30Z,l.martin@example.com,2025-09-21T01:12:30Z,l.martin@example.com
b896b872-5d69-47ae-8096-7ace4dccdf23,Contacted user for details,d486d953-dc16-4c43-97b9-1a3932d92336,2025-09-20T15:15:39Z,2.0,2025-09-20T15:15:39Z,f.haddad@example.com,2025-09-20T15:15:39Z,f.haddad@example.com
00250ada-909f-4496-aa67-08b73ad62621,Initial triage and diagnosis,d486d953-dc16-4c43-97b9-1a3932d92336,2025-09-21T02:34:04Z,2.0,2025-09-21T02:34:04Z,n.rossi@example.com,2025-09-21T02:34:04Z,n.rossi@example.com
7345871f-2dc8-4901-8e3e-792781e63ba7,Escalated to L2 support,3ac0c769-225d-4b8e-b62a-e5aff7c3f3c7,2025-09-10T06:05:40Z,0.5,2025-09-10T06:05:40Z,j.smith@example.com,2025-09-10T06:05:40Z,j.smith@example.com
8134a41c-9d38-4bc9-9744-465f2a927b84,Initial triage and diagnosis,3ac0c769-225d-4b8e-b62a-e5aff7c3f3c7,2025-09-19T17:51:22Z,2.0,2025-09-19T17:51:22Z,l.martin@example.com,2025-09-19T17:51:22Z,l.martin@example.com
a96ef7f0-3837-4010-8a13-dd70e9bcc51e,Escalated to L2 support,3ac0c769-225d-4b8e-b62a-e5aff7c3f3c7,2025-09-22T13:17:26Z,2.5,2025-09-22T13:17:26Z,a.jones@example.com,2025-09-22T13:17:26Z,a.jones@example.com
816b0074-4e99-404c-9f98-40c09f95c2d0,Initial triage and diagnosis,3ac0c769-225d-4b8e-b62a-e5aff7c3f3c7,2025-09-19T11:01:21Z,1.25,2025-09-19T11:01:21Z,k.patel@example.com,2025-09-19T11:01:21Z,k.patel@example.com
e5f1c21a-9e4f-45ee-a73a-d11c49643efd,Escalated to L2 support,3ac0c769-225d-4b8e-b62a-e5aff7c3f3c7,2025-09-10T01:19:18Z,1.5,2025-09-10T01:19:18Z,j.smith@example.com,2025-09-10T01:19:18Z,j.smith@example.com
81c3f5ee-5d8b-464a-b36a-545c68518694,Contacted user for details,3ac0c769-225d-4b8e-b62a-e5aff7c3f3c7,2025-09-19T05:09:54Z,2.5,2025-09-19T05:09:54Z,k.patel@example.com,2025-09-19T05:09:54Z,k.patel@example.com
8bd3acc8-7b47-4ec8-83c2-6511a109befe,Contacted user for details,de6300d8-8227-4832-87bc-10bb9cb2957e,2026-03-02T14:39:53Z,3.0,2026-03-02T14:39:53Z,r.lee@example.com,2026-03-02T14:39:53Z,r.lee@example.com
2468c10e-7ee1-47c9-b6bf-6d1eef0812cf,Replaced faulty component,de6300d8-8227-4832-87bc-10bb9cb2957e,2026-05-08T16:29:27Z,2.0,2026-05-08T16:29:27Z,k.patel@example.com,2026-05-08T16:29:27Z,k.patel@example.com
e25daef7-f7e2-4989-92c4-cab9554c9551,Applied configuration change,de6300d8-8227-4832-87bc-10bb9cb2957e,2026-03-13T07:32:23Z,1.5,2026-03-13T07:32:23Z,a.jones@example.com,2026-03-13T07:32:23Z,a.jones@example.com
648ac0f1-c624-412b-a515-c83994e20f46,Verified fix with user,de6300d8-8227-4832-87bc-10bb9cb2957e,2025-11-09T17:06:41Z,0.25,2025-11-09T17:06:41Z,f.haddad@example.com,2025-11-09T17:06:41Z,f.haddad@example.com
4569c726-6ef4-4efb-b2f7-bd898b311547,Documented resolution steps,de6300d8-8227-4832-87bc-10bb9cb2957e,2025-07-11T15:05:21Z,0.5,2025-07-11T15:05:21Z,l.martin@example.com,2025-07-11T15:05:21Z,l.martin@example.com
348f848d-1298-49a9-9c45-68deb8543c1f,Applied configuration change,de6300d8-8227-4832-87bc-10bb9cb2957e,2026-04-21T05:42:55Z,0.25,2026-04-21T05:42:55Z,d.garcia@example.com,2026-04-21T05:42:55Z,d.garcia@example.com
4e5426f7-83fb-4735-9400-812d0e0813eb,Applied configuration change,f03cdf74-64d1-4992-ad5e-9bbd55691c35,2025-05-17T18:27:45Z,1.25,2025-05-17T18:27:45Z,p.novak@example.com,2025-05-17T18:27:45Z,p.novak@example.com
1b3b2cf0-8429-4e8f-a3cb-35327b3107ac,Ran diagnostics,f03cdf74-64d1-4992-ad5e-9bbd55691c35,2025-06-08T03:13:21Z,2.0,2025-06-08T03:13:21Z,j.smith@example.com,2025-06-08T03:13:21Z,j.smith@example.com
3ae508ef-6074-412b-b9e8-7b8905c48d0b,Documented resolution steps,f03cdf74-64d1-4992-ad5e-9bbd55691c35,2025-05-07T00:34:18Z,1.0,2025-05-07T00:34:18Z,f.haddad@example.com,2025-05-07T00:34:18Z,f.haddad@example.com
659656e2-452a-4415-a107-21d7ecf91862,Documented resolution steps,f03cdf74-64d1-4992-ad5e-9bbd55691c35,2026-04-18T01:04:58Z,0.5,2026-04-18T01:04:58Z,t.mueller@example.com,2026-04-18T01:04:58Z,t.mueller@example.com
b52ecb2d-81d0-4e76-87ff-f261d4e917c1,Applied configuration change,f03cdf74-64d1-4992-ad5e-9bbd55691c35,2025-08-09T21:58:35Z,2.0,2025-08-09T21:58:35Z,o.olsen@example.com,2025-08-09T21:58:35Z,o.olsen@example.com
f45c680c-6114-4b9b-8219-92f2bb957c56,Verified fix with user,9cb24616-d413-4b91-a1f7-638ef161694e,2026-02-01T11:29:27Z,1.5,2026-02-01T11:29:27Z,j.smith@example.com,2026-02-01T11:29:27Z,j.smith@example.com
4b59aad2-4c51-4ff4-b120-8647f732785e,Replaced faulty component,9cb24616-d413-4b91-a1f7-638ef161694e,2026-02-04T00:17:21Z,1.0,2026-02-04T00:17:21Z,o.olsen@example.com,2026-02-04T00:17:21Z,o.olsen@example.com
20de4233-37e8-4b02-b3b5-794db8b7a514,Performed rollback and retest,9cb24616-d413-4b91-a1f7-638ef161694e,2026-01-28T11:25:57Z,3.0,2026-01-28T11:25:57Z,p.novak@example.com,2026-01-28T11:25:57Z,p.novak@example.com
971bf3c1-67f1-4599-8234-fcabf7e8f613,Escalated to L2 support,9cb24616-d413-4b91-a1f7-638ef161694e,2026-01-30T14:09:48Z,0.75,2026-01-30T14:09:48Z,s.wilson@example.com,2026-01-30T14:09:48Z,s.wilson@example.com
d19332a2-0c17-4931-8e8e-bd33214b46bb,Escalated to L2 support,9cb24616-d413-4b91-a1f7-638ef161694e,2026-01-30T23:59:53Z,4.0,2026-01-30T23:59:53Z,p.novak@example.com,2026-01-30T23:59:53Z,p.novak@example.com
ba17435a-a87b-41c6-898b-43ef8780765f,Applied configuration change,9cb24616-d413-4b91-a1f7-638ef161694e,2026-02-03T18:02:56Z,2.5,2026-02-03T18:02:56Z,o.olsen@example.com,2026-02-03T18:02:56Z,o.olsen@example.com
c4d98833-a512-4391-984d-aec4fda87409,Verified fix with user,9cb24616-d413-4b91-a1f7-638ef161694e,2026-01-29T21:39:34Z,1.0,2026-01-29T21:39:34Z,p.novak@example.com,2026-01-29T21:39:34Z,p.novak@example.com
8b0b9160-3a1a-40ff-afbb-239cd9910e01,Applied configuration change,b6170007-77f4-4696-b177-4bc9bd5b52de,2025-01-04T07:52:12Z,2.0,2025-01-04T07:52:12Z,j.smith@example.com,2025-01-04T07:52:12Z,j.smith@example.com
a6a9e2d8-036d-4a79-8f06-945750489670,Coordinated with vendor,b6170007-77f4-4696-b177-4bc9bd5b52de,2025-01-03T07:40:56Z,0.75,2025-01-03T07:40:56Z,f.haddad@example.com,2025-01-03T07:40:56Z,f.haddad@example.com
bdb8fabd-a44c-4e04-8633-9a5241752a1a,Documented resolution steps,b6170007-77f4-4696-b177-4bc9bd5b52de,2025-01-04T03:38:19Z,2.0,2025-01-04T03:38:19Z,l.martin@example.com,2025-01-04T03:38:19Z,l.martin@example.com
e31af650-6655-4a82-a7ab-9db49124e82c,Verified fix with user,b6170007-77f4-4696-b177-4bc9bd5b52de,2025-01-03T07:38:20Z,0.5,2025-01-03T07:38:20Z,d.garcia@example.com,2025-01-03T07:38:20Z,d.garcia@example.com
dce5217f-9cf5-4f4f-a5a9-0209ce8f6164,Ran diagnostics,b6170007-77f4-4696-b177-4bc9bd5b52de,2025-01-01T22:54:09Z,1.0,2025-01-01T22:54:09Z,p.novak@example.com,2025-01-01T22:54:09Z,p.novak@example.com
39fd2736-8172-4755-a86d-e3d94a9c41bb,Coordinated with vendor,b6170007-77f4-4696-b177-4bc9bd5b52de,2025-01-03T12:14:18Z,2.0,2025-01-03T12:14:18Z,c.silva@example.com,2025-01-03T12:14:18Z,c.silva@example.com
99961077-aaf6-47d6-a3c7-edc003dc3ea3,Initial triage and diagnosis,5dc9d821-58e8-4b16-adbc-432bacb1ba61,2026-06-01T12:57:10Z,0.5,2026-06-01T12:57:10Z,k.patel@example.com,2026-06-01T12:57:10Z,k.patel@example.com
7e9b2b81-a132-44bc-9019-36ba8da6468a,Contacted user for details,5dc9d821-58e8-4b16-adbc-432bacb1ba61,2026-06-06T06:20:41Z,1.0,2026-06-06T06:20:41Z,c.silva@example.com,2026-06-06T06:20:41Z,c.silva@example.com
059e7399-c1fe-4f21-9a3f-383b19c84ead,Initial triage and diagnosis,5dc9d821-58e8-4b16-adbc-432bacb1ba61,2026-06-10T09:41:24Z,1.5,2026-06-10T09:41:24Z,c.silva@example.com,2026-06-10T09:41:24Z,c.silva@example.com
6a5c9088-d0ef-4ee3-a058-f399008594d2,Documented resolution steps,5dc9d821-58e8-4b16-adbc-432bacb1ba61,2026-05-26T17:26:45Z,2.75,2026-05-26T17:26:45Z,c.silva@example.com,2026-05-26T17:26:45Z,c.silva@example.com
593f2213-7033-46ca-b6c5-7c838a619f1f,Documented resolution steps,5dc9d821-58e8-4b16-adbc-432bacb1ba61,2026-06-01T11:08:53Z,2.75,2026-06-01T11:08:53Z,o.olsen@example.com,2026-06-01T11:08:53Z,o.olsen@example.com
0ae309d8-898d-4ddd-afa9-e2398138e760,Ran diagnostics,5dc9d821-58e8-4b16-adbc-432bacb1ba61,2026-06-10T10:33:50Z,4.25,2026-06-10T10:33:50Z,a.jones@example.com,2026-06-10T10:33:50Z,a.jones@example.com
0f6644e4-0779-4bda-8312-ad20600e1bf9,Initial triage and diagnosis,5dc9d821-58e8-4b16-adbc-432bacb1ba61,2026-06-04T08:10:22Z,1.0,2026-06-04T08:10:22Z,a.jones@example.com,2026-06-04T08:10:22Z,a.jones@example.com
285e61b4-910c-4461-8cc9-64cb84d3ec65,Initial triage and diagnosis,a87ea8bd-f42c-4467-9489-b6a9acef3cfe,2025-11-19T04:11:13Z,1.5,2025-11-19T04:11:13Z,a.jones@example.com,2025-11-19T04:11:13Z,a.jones@example.com
de09bfba-5ab3-4fc1-b132-4892653eb6c6,Initial triage and diagnosis,a87ea8bd-f42c-4467-9489-b6a9acef3cfe,2026-02-13T16:26:41Z,4.25,2026-02-13T16:26:41Z,m.brown@example.com,2026-02-13T16:26:41Z,m.brown@example.com
5ac04296-a725-4bcc-be2e-db3c14ebd56c,Replaced faulty component,a87ea8bd-f42c-4467-9489-b6a9acef3cfe,2026-01-19T18:33:19Z,0.5,2026-01-19T18:33:19Z,a.jones@example.com,2026-01-19T18:33:19Z,a.jones@example.com
2d97d2f3-340c-4e54-b0a4-5124c8da3e3d,Escalated to L2 support,a87ea8bd-f42c-4467-9489-b6a9acef3cfe,2026-04-22T14:11:13Z,1.0,2026-04-22T14:11:13Z,j.smith@example.com,2026-04-22T14:11:13Z,j.smith@example.com
cfb3ec1e-8d47-412c-b6be-c2f0cfae2cc0,Contacted user for details,a87ea8bd-f42c-4467-9489-b6a9acef3cfe,2025-08-25T04:45:34Z,1.5,2025-08-25T04:45:34Z,k.patel@example.com,2025-08-25T04:45:34Z,k.patel@example.com
ab5de5c2-4164-4c18-904a-914090163edc,Replaced faulty component,a87ea8bd-f42c-4467-9489-b6a9acef3cfe,2025-12-10T00:20:26Z,2.75,2025-12-10T00:20:26Z,k.patel@example.com,2025-12-10T00:20:26Z,k.patel@example.com
9adbed07-ceac-470c-9e24-48e7e8ade6f0,Verified fix with user,a87ea8bd-f42c-4467-9489-b6a9acef3cfe,2025-06-24T07:07:52Z,4.25,2025-06-24T07:07:52Z,m.brown@example.com,2025-06-24T07:07:52Z,m.brown@example.com
7897aca0-29f7-4641-8a73-470ed199f47b,Ran diagnostics,d4bd6914-20ce-4cf3-a148-b53a57459136,2026-06-15T12:44:42Z,0.25,2026-06-15T12:44:42Z,a.jones@example.com,2026-06-15T12:44:42Z,a.jones@example.com
353553f6-764f-4460-961e-412d08c54bbb,Escalated to L2 support,d4bd6914-20ce-4cf3-a148-b53a57459136,2026-05-11T02:21:06Z,0.75,2026-05-11T02:21:06Z,p.novak@example.com,2026-05-11T02:21:06Z,p.novak@example.com
4576061f-f61c-44df-9fb2-f38db0545e19,Documented resolution steps,d4bd6914-20ce-4cf3-a148-b53a57459136,2026-05-08T19:57:02Z,0.5,2026-05-08T19:57:02Z,a.jones@example.com,2026-05-08T19:57:02Z,a.jones@example.com
6b0387ae-1fe4-494b-b614-5866ffedfad1,Contacted user for details,d4bd6914-20ce-4cf3-a148-b53a57459136,2026-05-12T12:11:10Z,0.75,2026-05-12T12:11:10Z,l.martin@example.com,2026-05-12T12:11:10Z,l.martin@example.com
99e151b5-8935-4e6b-ac54-6703a58498c2,Verified fix with user,d4bd6914-20ce-4cf3-a148-b53a57459136,2026-05-06T22:19:39Z,2.75,2026-05-06T22:19:39Z,n.rossi@example.com,2026-05-06T22:19:39Z,n.rossi@example.com
cfd9be7c-9662-4477-ba6f-867973d90a50,Initial triage and diagnosis,d4bd6914-20ce-4cf3-a148-b53a57459136,2026-06-13T06:58:22Z,1.75,2026-06-13T06:58:22Z,o.olsen@example.com,2026-06-13T06:58:22Z,o.olsen@example.com
a127b58d-0722-4288-a098-c13309ae4e97,Documented resolution steps,d4bd6914-20ce-4cf3-a148-b53a57459136,2026-06-09T21:19:52Z,4.25,2026-06-09T21:19:52Z,a.jones@example.com,2026-06-09T21:19:52Z,a.jones@example.com
2230b2e9-af89-453a-b0d0-214d9e5618cf,Contacted user for details,d4bd6914-20ce-4cf3-a148-b53a57459136,2026-05-09T23:16:45Z,0.75,2026-05-09T23:16:45Z,o.olsen@example.com,2026-05-09T23:16:45Z,o.olsen@example.com
4084ba83-f19f-40a2-99fc-9e0cc772ec37,Replaced faulty component,b18463b8-5a13-4712-9567-1f2631465aef,2025-02-09T23:42:43Z,2.0,2025-02-09T23:42:43Z,l.martin@example.com,2025-02-09T23:42:43Z,l.martin@example.com
b50e974a-62fc-4d61-b38a-a41495eebd3d,Contacted user for details,b18463b8-5a13-4712-9567-1f2631465aef,2025-02-10T01:15:16Z,1.75,2025-02-10T01:15:16Z,f.haddad@example.com,2025-02-10T01:15:16Z,f.haddad@example.com
063d54e7-5e4e-409d-8cf3-5687de2e516e,Ran diagnostics,b18463b8-5a13-4712-9567-1f2631465aef,2025-02-09T22:13:58Z,0.75,2025-02-09T22:13:58Z,c.silva@example.com,2025-02-09T22:13:58Z,c.silva@example.com
68abc503-aae1-4413-a976-1de59d1fed5f,Contacted user for details,b18463b8-5a13-4712-9567-1f2631465aef,2025-02-10T01:36:56Z,1.75,2025-02-10T01:36:56Z,e.dubois@example.com,2025-02-10T01:36:56Z,e.dubois@example.com
440fb4da-0aae-465b-92c1-34ce56fadf39,Documented resolution steps,b18463b8-5a13-4712-9567-1f2631465aef,2025-02-09T20:46:33Z,3.0,2025-02-09T20:46:33Z,o.olsen@example.com,2025-02-09T20:46:33Z,o.olsen@example.com
dfd7c457-af77-4540-80b3-c6cc4b9c2b22,Initial triage and diagnosis,b18463b8-5a13-4712-9567-1f2631465aef,2025-02-10T16:54:37Z,3.0,2025-02-10T16:54:37Z,f.haddad@example.com,2025-02-10T16:54:37Z,f.haddad@example.com
ba6c2f96-b836-4d6c-aaa9-c9749d7284c3,Coordinated with vendor,b18463b8-5a13-4712-9567-1f2631465aef,2025-02-10T08:41:37Z,0.75,2025-02-10T08:41:37Z,d.garcia@example.com,2025-02-10T08:41:37Z,d.garcia@example.com
eeb6df16-4ca7-4b30-9db7-4fc79f682515,Escalated to L2 support,b18463b8-5a13-4712-9567-1f2631465aef,2025-02-10T04:37:12Z,0.75,2025-02-10T04:37:12Z,m.brown@example.com,2025-02-10T04:37:12Z,m.brown@example.com
26815387-3e12-4510-abde-f8e0f6374c1f,Documented resolution steps,3ed9597b-ab5e-41a8-950a-897f82e208e6,2026-05-18T09:52:04Z,0.5,2026-05-18T09:52:04Z,j.smith@example.com,2026-05-18T09:52:04Z,j.smith@example.com
0fe6060a-d9f5-4515-9989-a0e31b44b059,Escalated to L2 support,3ed9597b-ab5e-41a8-950a-897f82e208e6,2026-05-02T21:30:25Z,0.75,2026-05-02T21:30:25Z,f.haddad@example.com,2026-05-02T21:30:25Z,f.haddad@example.com
1c46c59a-196d-4618-984a-0b3ab2a84c0f,Documented resolution steps,3ed9597b-ab5e-41a8-950a-897f82e208e6,2026-05-17T09:42:34Z,1.0,2026-05-17T09:42:34Z,d.garcia@example.com,2026-05-17T09:42:34Z,d.garcia@example.com
6f9568bc-2502-4d3f-b4a5-8c0f1b477a0f,Applied configuration change,3ed9597b-ab5e-41a8-950a-897f82e208e6,2026-05-14T03:35:28Z,0.25,2026-05-14T03:35:28Z,k.patel@example.com,2026-05-14T03:35:28Z,k.patel@example.com
f57a6f7a-d0b9-4f99-94d0-80a1a6edf06b,Replaced faulty component,3ed9597b-ab5e-41a8-950a-897f82e208e6,2026-05-17T09:42:16Z,0.75,2026-05-17T09:42:16Z,s.wilson@example.com,2026-05-17T09:42:16Z,s.wilson@example.com
dbdfd384-c9be-4b7d-91b0-a37be2daa10b,Documented resolution steps,3ed9597b-ab5e-41a8-950a-897f82e208e6,2026-05-16T10:58:09Z,1.5,2026-05-16T10:58:09Z,r.lee@example.com,2026-05-16T10:58:09Z,r.lee@example.com
66f70a9d-bc58-496f-a957-7dcf2617ad46,Ran diagnostics,3ed9597b-ab5e-41a8-950a-897f82e208e6,2026-05-10T03:43:16Z,3.0,2026-05-10T03:43:16Z,s.wilson@example.com,2026-05-10T03:43:16Z,s.wilson@example.com
290a4363-80e8-48cb-aa29-5be7d3172c37,Initial triage and diagnosis,1ab68a2a-bbc1-4237-85ed-9997050ad34d,2025-11-18T10:56:12Z,2.0,2025-11-18T10:56:12Z,c.silva@example.com,2025-11-18T10:56:12Z,c.silva@example.com
3edf324c-712c-4b4c-8ab9-7e19921f6dfc,Documented resolution steps,1ab68a2a-bbc1-4237-85ed-9997050ad34d,2025-11-18T07:56:54Z,3.0,2025-11-18T07:56:54Z,d.garcia@example.com,2025-11-18T07:56:54Z,d.garcia@example.com
a9486f09-ad94-4544-b9ce-22434f00108f,Performed rollback and retest,1ab68a2a-bbc1-4237-85ed-9997050ad34d,2025-11-12T05:50:45Z,2.5,2025-11-12T05:50:45Z,e.dubois@example.com,2025-11-12T05:50:45Z,e.dubois@example.com
7c3b6f70-a15e-424a-905f-dade5c8529b9,Coordinated with vendor,1ab68a2a-bbc1-4237-85ed-9997050ad34d,2025-11-07T00:47:00Z,2.0,2025-11-07T00:47:00Z,t.mueller@example.com,2025-11-07T00:47:00Z,t.mueller@example.com
b66fe446-0962-4379-8a75-d07b4242e0ef,Replaced faulty component,1ab68a2a-bbc1-4237-85ed-9997050ad34d,2025-11-17T21:59:40Z,3.0,2025-11-17T21:59:40Z,n.rossi@example.com,2025-11-17T21:59:40Z,n.rossi@example.com
b434bf72-ef2c-4cb4-89c1-5cec7a461859,Contacted user for details,1ab68a2a-bbc1-4237-85ed-9997050ad34d,2025-11-06T13:10:27Z,4.0,2025-11-06T13:10:27Z,d.garcia@example.com,2025-11-06T13:10:27Z,d.garcia@example.com
721ab8db-516b-429e-aa9d-b795ee3a26fd,Coordinated with vendor,1ab68a2a-bbc1-4237-85ed-9997050ad34d,2025-11-13T20:23:59Z,0.75,2025-11-13T20:23:59Z,c.silva@example.com,2025-11-13T20:23:59Z,c.silva@example.com
84cd6694-4a96-458a-9dec-242ec187a01f,Contacted user for details,1ab68a2a-bbc1-4237-85ed-9997050ad34d,2025-11-20T22:34:55Z,0.75,2025-11-20T22:34:55Z,t.mueller@example.com,2025-11-20T22:34:55Z,t.mueller@example.com
656c3439-9cd4-4553-ae06-c2f55da6519c,Contacted user for details,6860b37d-da76-4573-b78b-82e478822ba4,2025-11-04T06:46:01Z,2.0,2025-11-04T06:46:01Z,p.novak@example.com,2025-11-04T06:46:01Z,p.novak@example.com
8b8451ae-30f5-414d-88ac-9799b6f0d36f,Initial triage and diagnosis,6860b37d-da76-4573-b78b-82e478822ba4,2025-11-08T11:04:05Z,2.0,2025-11-08T11:04:05Z,l.martin@example.com,2025-11-08T11:04:05Z,l.martin@example.com
da9c0ae5-a624-4bdf-9793-3df5f6d5e79e,Applied configuration change,6860b37d-da76-4573-b78b-82e478822ba4,2025-11-02T14:25:22Z,3.0,2025-11-02T14:25:22Z,s.wilson@example.com,2025-11-02T14:25:22Z,s.wilson@example.com
9dbff593-e495-433b-8d85-b76abd4b59ba,Contacted user for details,6860b37d-da76-4573-b78b-82e478822ba4,2025-11-09T12:54:12Z,1.0,2025-11-09T12:54:12Z,p.novak@example.com,2025-11-09T12:54:12Z,p.novak@example.com
cfb8ecc7-ee45-42ad-bcc0-4a2c02c3693a,Documented resolution steps,6860b37d-da76-4573-b78b-82e478822ba4,2025-11-04T02:44:31Z,2.75,2025-11-04T02:44:31Z,r.lee@example.com,2025-11-04T02:44:31Z,r.lee@example.com
e2dfda1e-5a99-4026-85ad-64df6eadb449,Coordinated with vendor,6860b37d-da76-4573-b78b-82e478822ba4,2025-11-08T08:06:10Z,2.5,2025-11-08T08:06:10Z,j.smith@example.com,2025-11-08T08:06:10Z,j.smith@example.com
2e298f99-1a84-4d02-9e5b-9736583d4e5a,Verified fix with user,6860b37d-da76-4573-b78b-82e478822ba4,2025-11-04T23:08:00Z,2.0,2025-11-04T23:08:00Z,o.olsen@example.com,2025-11-04T23:08:00Z,o.olsen@example.com
9a7a636a-4a62-4f16-8385-bfc996697cec,Initial triage and diagnosis,6860b37d-da76-4573-b78b-82e478822ba4,2025-11-08T23:43:29Z,1.0,2025-11-08T23:43:29Z,t.mueller@example.com,2025-11-08T23:43:29Z,t.mueller@example.com
713c90d7-f1e5-4c9a-89cf-91ac1ad0a721,Applied configuration change,4a21348e-b20b-495c-8e02-c11957126c85,2025-12-21T07:29:39Z,1.0,2025-12-21T07:29:39Z,c.silva@example.com,2025-12-21T07:29:39Z,c.silva@example.com
6af75f91-dc65-49e0-b406-178cb9d208bd,Verified fix with user,4a21348e-b20b-495c-8e02-c11957126c85,2026-01-27T14:35:04Z,0.25,2026-01-27T14:35:04Z,a.jones@example.com,2026-01-27T14:35:04Z,a.jones@example.com
490ad774-c47a-4ff0-b9a3-795e990d22d8,Replaced faulty component,4a21348e-b20b-495c-8e02-c11957126c85,2026-05-04T16:22:47Z,0.5,2026-05-04T16:22:47Z,o.olsen@example.com,2026-05-04T16:22:47Z,o.olsen@example.com
31dd079b-a640-4848-9652-c1a99a934242,Initial triage and diagnosis,4a21348e-b20b-495c-8e02-c11957126c85,2026-05-16T08:39:02Z,4.0,2026-05-16T08:39:02Z,e.dubois@example.com,2026-05-16T08:39:02Z,e.dubois@example.com
486391e1-f1a9-49e9-add7-5e730d136338,Contacted user for details,4a21348e-b20b-495c-8e02-c11957126c85,2026-04-25T03:22:12Z,0.5,2026-04-25T03:22:12Z,j.smith@example.com,2026-04-25T03:22:12Z,j.smith@example.com
b57cedc4-35be-4197-ba13-7b8c15eac64e,Coordinated with vendor,4a21348e-b20b-495c-8e02-c11957126c85,2026-03-08T12:40:53Z,3.25,2026-03-08T12:40:53Z,a.jones@example.com,2026-03-08T12:40:53Z,a.jones@example.com
53dbb10c-84c0-46a3-8969-4f3cf53f826c,Initial triage and diagnosis,4a21348e-b20b-495c-8e02-c11957126c85,2026-02-04T16:12:44Z,3.0,2026-02-04T16:12:44Z,s.wilson@example.com,2026-02-04T16:12:44Z,s.wilson@example.com
5559eff0-4078-44d9-999f-69fbe5ac7474,Coordinated with vendor,4a21348e-b20b-495c-8e02-c11957126c85,2026-02-14T01:40:15Z,2.5,2026-02-14T01:40:15Z,t.mueller@example.com,2026-02-14T01:40:15Z,t.mueller@example.com
74d0a028-0adb-4636-815c-8949d8c15d50,Coordinated with vendor,8f5a735b-121f-4810-9539-36a4f698d3ba,2026-05-24T11:14:09Z,3.0,2026-05-24T11:14:09Z,a.jones@example.com,2026-05-24T11:14:09Z,a.jones@example.com
861487de-9672-4999-8a0c-77538036a6bd,Escalated to L2 support,8f5a735b-121f-4810-9539-36a4f698d3ba,2026-05-24T11:04:29Z,0.5,2026-05-24T11:04:29Z,t.mueller@example.com,2026-05-24T11:04:29Z,t.mueller@example.com
4c0ccc38-b40a-4dca-8273-c4fd5880f472,Initial triage and diagnosis,8f5a735b-121f-4810-9539-36a4f698d3ba,2026-05-24T12:48:43Z,1.5,2026-05-24T12:48:43Z,k.patel@example.com,2026-05-24T12:48:43Z,k.patel@example.com
a4529973-71f0-41ca-b43b-70286cfc4cd1,Replaced faulty component,8f5a735b-121f-4810-9539-36a4f698d3ba,2026-05-24T11:11:15Z,0.75,2026-05-24T11:11:15Z,f.haddad@example.com,2026-05-24T11:11:15Z,f.haddad@example.com
63230fee-61ce-4c55-9460-2273a21ca2ad,Contacted user for details,8f5a735b-121f-4810-9539-36a4f698d3ba,2026-05-24T12:22:21Z,2.25,2026-05-24T12:22:21Z,c.silva@example.com,2026-05-24T12:22:21Z,c.silva@example.com
2f30e6b6-dba3-44bd-803c-7d1b9dbf33cd,Applied configuration change,04f150c9-2af2-4cd2-b142-d3fc6f8a91fc,2026-02-21T17:46:54Z,0.75,2026-02-21T17:46:54Z,f.haddad@example.com,2026-02-21T17:46:54Z,f.haddad@example.com
bab8e279-c756-44f0-9f6a-fec4417ca626,Performed rollback and retest,04f150c9-2af2-4cd2-b142-d3fc6f8a91fc,2026-02-19T22:14:17Z,2.75,2026-02-19T22:14:17Z,p.novak@example.com,2026-02-19T22:14:17Z,p.novak@example.com
39e5df63-e9df-4fd5-b7e8-2d2e39c47255,Documented resolution steps,04f150c9-2af2-4cd2-b142-d3fc6f8a91fc,2026-06-11T12:26:28Z,3.0,2026-06-11T12:26:28Z,e.dubois@example.com,2026-06-11T12:26:28Z,e.dubois@example.com
c0dbbcdb-396d-4be6-a285-064f5f4e7b39,Ran diagnostics,04f150c9-2af2-4cd2-b142-d3fc6f8a91fc,2026-04-10T10:05:31Z,0.25,2026-04-10T10:05:31Z,k.patel@example.com,2026-04-10T10:05:31Z,k.patel@example.com
46982f08-dd81-4e94-8fca-a23f827d0980,Contacted user for details,04f150c9-2af2-4cd2-b142-d3fc6f8a91fc,2026-02-21T17:13:36Z,2.75,2026-02-21T17:13:36Z,j.smith@example.com,2026-02-21T17:13:36Z,j.smith@example.com
4d26752c-2d3e-4a21-b4ef-b14cbc10bb46,Coordinated with vendor,04f150c9-2af2-4cd2-b142-d3fc6f8a91fc,2026-03-22T14:06:15Z,2.0,2026-03-22T14:06:15Z,c.silva@example.com,2026-03-22T14:06:15Z,c.silva@example.com
cd4ad60a-dd07-40ed-884a-abaf3f4cec24,Escalated to L2 support,249fb0ab-0cba-4d3f-ab7b-c08b5b06f4a9,2025-06-25T12:27:13Z,1.25,2025-06-25T12:27:13Z,r.lee@example.com,2025-06-25T12:27:13Z,r.lee@example.com
0139fbc3-944b-40bb-995d-1d6b9436467f,Performed rollback and retest,249fb0ab-0cba-4d3f-ab7b-c08b5b06f4a9,2025-06-20T07:45:39Z,3.25,2025-06-20T07:45:39Z,p.novak@example.com,2025-06-20T07:45:39Z,p.novak@example.com
3d39c82c-23a7-4185-83e5-913a43c6cb9a,Verified fix with user,249fb0ab-0cba-4d3f-ab7b-c08b5b06f4a9,2025-06-24T19:19:05Z,0.75,2025-06-24T19:19:05Z,k.patel@example.com,2025-06-24T19:19:05Z,k.patel@example.com
e01c5350-dd30-496e-84a5-86e488722ec6,Documented resolution steps,249fb0ab-0cba-4d3f-ab7b-c08b5b06f4a9,2025-06-20T19:22:33Z,3.0,2025-06-20T19:22:33Z,a.jones@example.com,2025-06-20T19:22:33Z,a.jones@example.com
0c0170ed-e223-41fd-9cc9-c34fb539acb1,Contacted user for details,249fb0ab-0cba-4d3f-ab7b-c08b5b06f4a9,2025-06-24T08:54:08Z,0.25,2025-06-24T08:54:08Z,f.haddad@example.com,2025-06-24T08:54:08Z,f.haddad@example.com
1e588aa0-6941-4e59-b741-58d13ab0452b,Contacted user for details,f0eb74fe-2ba5-4901-8aba-f6efeea53cd4,2026-01-20T01:15:17Z,1.5,2026-01-20T01:15:17Z,s.wilson@example.com,2026-01-20T01:15:17Z,s.wilson@example.com
cd0054e0-78aa-420e-865a-fd4062ac8d9d,Escalated to L2 support,f0eb74fe-2ba5-4901-8aba-f6efeea53cd4,2026-01-29T02:19:10Z,2.5,2026-01-29T02:19:10Z,k.patel@example.com,2026-01-29T02:19:10Z,k.patel@example.com
99f935b6-d284-448b-98e2-5a7b7550f705,Documented resolution steps,f0eb74fe-2ba5-4901-8aba-f6efeea53cd4,2026-01-27T10:52:46Z,2.0,2026-01-27T10:52:46Z,p.novak@example.com,2026-01-27T10:52:46Z,p.novak@example.com
c67ac3cb-9a61-44a7-99ba-b6245c19fdf8,Performed rollback and retest,f0eb74fe-2ba5-4901-8aba-f6efeea53cd4,2026-01-19T07:38:39Z,0.75,2026-01-19T07:38:39Z,k.patel@example.com,2026-01-19T07:38:39Z,k.patel@example.com
003e0c88-fcfc-44c4-9766-f73dfcd4eda2,Coordinated with vendor,f0eb74fe-2ba5-4901-8aba-f6efeea53cd4,2026-01-24T20:57:29Z,1.0,2026-01-24T20:57:29Z,j.smith@example.com,2026-01-24T20:57:29Z,j.smith@example.com
34ea9eb1-fb54-4b41-93c5-441574897f57,Performed rollback and retest,f0eb74fe-2ba5-4901-8aba-f6efeea53cd4,2026-01-27T16:32:16Z,0.5,2026-01-27T16:32:16Z,f.haddad@example.com,2026-01-27T16:32:16Z,f.haddad@example.com
17e58348-e7dd-49f2-b0ee-f3958db19301,Performed rollback and retest,f0eb74fe-2ba5-4901-8aba-f6efeea53cd4,2026-01-24T14:45:50Z,4.0,2026-01-24T14:45:50Z,c.silva@example.com,2026-01-24T14:45:50Z,c.silva@example.com
43b70861-810f-456e-a285-a8a2d0e4d13f,Performed rollback and retest,f0eb74fe-2ba5-4901-8aba-f6efeea53cd4,2026-01-20T20:40:45Z,0.75,2026-01-20T20:40:45Z,r.lee@example.com,2026-01-20T20:40:45Z,r.lee@example.com
caf7a9eb-ac02-41c4-937b-84cfde0867b4,Contacted user for details,843f368e-5f79-44a5-add7-9de00a6de2e0,2025-07-27T14:26:30Z,4.0,2025-07-27T14:26:30Z,c.silva@example.com,2025-07-27T14:26:30Z,c.silva@example.com
c6ee6e6a-7d12-470e-a31d-91152df6f580,Performed rollback and retest,843f368e-5f79-44a5-add7-9de00a6de2e0,2025-07-29T17:14:48Z,4.25,2025-07-29T17:14:48Z,e.dubois@example.com,2025-07-29T17:14:48Z,e.dubois@example.com
504b49d8-213f-4a1c-8624-20f1da92737d,Documented resolution steps,843f368e-5f79-44a5-add7-9de00a6de2e0,2025-07-30T12:14:57Z,4.0,2025-07-30T12:14:57Z,o.olsen@example.com,2025-07-30T12:14:57Z,o.olsen@example.com
c3058e4a-a2e2-49d9-b73c-8bd710f5a0de,Documented resolution steps,843f368e-5f79-44a5-add7-9de00a6de2e0,2025-07-25T14:22:10Z,4.0,2025-07-25T14:22:10Z,j.smith@example.com,2025-07-25T14:22:10Z,j.smith@example.com
bd969197-1b06-45c0-aa18-6063320842d2,Replaced faulty component,843f368e-5f79-44a5-add7-9de00a6de2e0,2025-07-27T04:58:46Z,0.25,2025-07-27T04:58:46Z,s.wilson@example.com,2025-07-27T04:58:46Z,s.wilson@example.com
0c2cda83-bfbb-4346-b81b-af0502d0dcb6,Initial triage and diagnosis,843f368e-5f79-44a5-add7-9de00a6de2e0,2025-07-27T09:31:32Z,1.5,2025-07-27T09:31:32Z,m.brown@example.com,2025-07-27T09:31:32Z,m.brown@example.com
b205fad0-05f8-4d2d-bdac-cdfe1c826dd7,Escalated to L2 support,8e7d939c-9970-4912-82bf-9388dbd3682d,2025-10-03T18:31:55Z,4.0,2025-10-03T18:31:55Z,p.novak@example.com,2025-10-03T18:31:55Z,p.novak@example.com
55c83ad7-48c3-478d-8485-87326d0de57b,Contacted user for details,8e7d939c-9970-4912-82bf-9388dbd3682d,2025-09-22T14:01:15Z,3.0,2025-09-22T14:01:15Z,t.mueller@example.com,2025-09-22T14:01:15Z,t.mueller@example.com
84a86068-a071-4c81-90ca-3a3810d57f02,Initial triage and diagnosis,8e7d939c-9970-4912-82bf-9388dbd3682d,2025-09-19T23:34:18Z,0.75,2025-09-19T23:34:18Z,r.lee@example.com,2025-09-19T23:34:18Z,r.lee@example.com
7b059aea-0dea-4cd2-a561-6dfd5cd4e338,Applied configuration change,8e7d939c-9970-4912-82bf-9388dbd3682d,2025-09-25T20:16:26Z,1.5,2025-09-25T20:16:26Z,m.brown@example.com,2025-09-25T20:16:26Z,m.brown@example.com
c35d73ab-1529-4bdf-a58e-2d676ca48b27,Ran diagnostics,8e7d939c-9970-4912-82bf-9388dbd3682d,2025-09-29T14:50:47Z,1.5,2025-09-29T14:50:47Z,l.martin@example.com,2025-09-29T14:50:47Z,l.martin@example.com
0d9609c7-17ba-488b-b8fd-d2b735ae50b3,Verified fix with user,8e7d939c-9970-4912-82bf-9388dbd3682d,2025-10-02T16:04:26Z,0.75,2025-10-02T16:04:26Z,m.brown@example.com,2025-10-02T16:04:26Z,m.brown@example.com
18fd3978-3578-43f8-a551-fe24745060f8,Performed rollback and retest,8e7d939c-9970-4912-82bf-9388dbd3682d,2025-09-29T22:21:28Z,0.25,2025-09-29T22:21:28Z,k.patel@example.com,2025-09-29T22:21:28Z,k.patel@example.com
74d097f2-e05d-4214-b680-e71abd739230,Contacted user for details,0fea7f75-bd8c-49ce-956e-f8c5c13420d3,2025-02-10T08:03:56Z,2.25,2025-02-10T08:03:56Z,o.olsen@example.com,2025-02-10T08:03:56Z,o.olsen@example.com
966e6de8-7920-4d7e-9fa4-8278f54b8126,Coordinated with vendor,0fea7f75-bd8c-49ce-956e-f8c5c13420d3,2025-11-06T01:56:55Z,1.5,2025-11-06T01:56:55Z,j.smith@example.com,2025-11-06T01:56:55Z,j.smith@example.com
10efb49e-a28a-49f5-9fa5-0901ad710785,Initial triage and diagnosis,0fea7f75-bd8c-49ce-956e-f8c5c13420d3,2025-10-28T14:25:28Z,4.25,2025-10-28T14:25:28Z,k.patel@example.com,2025-10-28T14:25:28Z,k.patel@example.com
59ba828f-2768-44f0-a0c2-b5877781b079,Contacted user for details,0fea7f75-bd8c-49ce-956e-f8c5c13420d3,2025-08-28T14:37:46Z,1.0,2025-08-28T14:37:46Z,n.rossi@example.com,2025-08-28T14:37:46Z,n.rossi@example.com
077f0bc2-b451-434f-b88f-98b9794ec336,Contacted user for details,0fea7f75-bd8c-49ce-956e-f8c5c13420d3,2025-03-25T21:27:27Z,0.75,2025-03-25T21:27:27Z,t.mueller@example.com,2025-03-25T21:27:27Z,t.mueller@example.com
10039275-28cf-4ab0-9f1d-2163614cefa3,Contacted user for details,0fea7f75-bd8c-49ce-956e-f8c5c13420d3,2025-06-23T01:57:05Z,1.25,2025-06-23T01:57:05Z,f.haddad@example.com,2025-06-23T01:57:05Z,f.haddad@example.com
c3511676-b2d9-415e-945d-49570ef82ded,Contacted user for details,6b13001f-3107-46f7-a50c-c8a648bbf47c,2026-02-21T12:02:25Z,0.5,2026-02-21T12:02:25Z,c.silva@example.com,2026-02-21T12:02:25Z,c.silva@example.com
bbf0aa1d-6855-4fa3-816e-d2bb8ac59eaa,Replaced faulty component,6b13001f-3107-46f7-a50c-c8a648bbf47c,2026-02-20T15:22:48Z,4.0,2026-02-20T15:22:48Z,d.garcia@example.com,2026-02-20T15:22:48Z,d.garcia@example.com
15d7162f-2cab-4f2e-a297-9a8092cd2604,Ran diagnostics,6b13001f-3107-46f7-a50c-c8a648bbf47c,2026-02-21T09:30:07Z,0.5,2026-02-21T09:30:07Z,p.novak@example.com,2026-02-21T09:30:07Z,p.novak@example.com
bcfead7b-1a15-4fc2-b300-850a2970c47b,Applied configuration change,6b13001f-3107-46f7-a50c-c8a648bbf47c,2026-02-20T17:06:25Z,2.5,2026-02-20T17:06:25Z,k.patel@example.com,2026-02-20T17:06:25Z,k.patel@example.com
cde003eb-7ad0-4e7b-bc62-bb2c7eaa249c,Documented resolution steps,6b13001f-3107-46f7-a50c-c8a648bbf47c,2026-02-21T04:10:45Z,1.0,2026-02-21T04:10:45Z,c.silva@example.com,2026-02-21T04:10:45Z,c.silva@example.com
844e440f-8aa7-4889-b246-81a24e3f96ee,Coordinated with vendor,cf64093a-19b4-431e-83eb-f5cf96d22e2a,2026-06-10T18:33:10Z,0.75,2026-06-10T18:33:10Z,f.haddad@example.com,2026-06-10T18:33:10Z,f.haddad@example.com
2f8dbbf7-6aa0-4c4d-881d-881ab86ae080,Contacted user for details,cf64093a-19b4-431e-83eb-f5cf96d22e2a,2026-06-14T23:31:11Z,4.0,2026-06-14T23:31:11Z,d.garcia@example.com,2026-06-14T23:31:11Z,d.garcia@example.com
c940cff5-931a-4c80-a2a2-db74f8317145,Performed rollback and retest,cf64093a-19b4-431e-83eb-f5cf96d22e2a,2026-06-12T10:11:05Z,0.5,2026-06-12T10:11:05Z,c.silva@example.com,2026-06-12T10:11:05Z,c.silva@example.com
777ed977-db62-4748-a0d6-fe75bc4625de,Escalated to L2 support,cf64093a-19b4-431e-83eb-f5cf96d22e2a,2026-06-15T07:04:16Z,2.0,2026-06-15T07:04:16Z,m.brown@example.com,2026-06-15T07:04:16Z,m.brown@example.com
e450bde7-6b82-421c-a4cb-bdf9bb9e94c4,Escalated to L2 support,cf64093a-19b4-431e-83eb-f5cf96d22e2a,2026-06-10T14:18:24Z,1.5,2026-06-10T14:18:24Z,o.olsen@example.com,2026-06-10T14:18:24Z,o.olsen@example.com
8084a053-6f37-4379-a13d-c3b8dc0abdb7,Performed rollback and retest,cf64093a-19b4-431e-83eb-f5cf96d22e2a,2026-06-13T05:43:42Z,3.25,2026-06-13T05:43:42Z,l.martin@example.com,2026-06-13T05:43:42Z,l.martin@example.com
c0b72ce1-bd69-463d-b3f1-8244f19c1def,Contacted user for details,83100760-9d39-4278-a569-8ceb5eb31ec0,2026-01-10T06:59:14Z,0.75,2026-01-10T06:59:14Z,d.garcia@example.com,2026-01-10T06:59:14Z,d.garcia@example.com
66a1b2e7-0cdb-4605-9353-d1fc228dffe0,Performed rollback and retest,83100760-9d39-4278-a569-8ceb5eb31ec0,2026-01-05T07:26:25Z,0.25,2026-01-05T07:26:25Z,f.haddad@example.com,2026-01-05T07:26:25Z,f.haddad@example.com
34386daa-632c-4015-b979-fb969b80c8f2,Replaced faulty component,83100760-9d39-4278-a569-8ceb5eb31ec0,2026-01-13T07:31:28Z,1.0,2026-01-13T07:31:28Z,n.rossi@example.com,2026-01-13T07:31:28Z,n.rossi@example.com
2b280870-e7f8-4eb1-a462-1b1957d2434f,Applied configuration change,83100760-9d39-4278-a569-8ceb5eb31ec0,2026-01-16T16:06:37Z,4.25,2026-01-16T16:06:37Z,t.mueller@example.com,2026-01-16T16:06:37Z,t.mueller@example.com
42e4b46f-7c6d-4c01-93ff-b9355ff27939,Performed rollback and retest,83100760-9d39-4278-a569-8ceb5eb31ec0,2026-01-12T08:37:17Z,2.5,2026-01-12T08:37:17Z,o.olsen@example.com,2026-01-12T08:37:17Z,o.olsen@example.com
05e9b9f9-9f47-468b-9d5d-050633d5ff54,Ran diagnostics,19862b49-73e6-4496-a7e2-d762f8484b8d,2025-02-11T17:02:03Z,1.0,2025-02-11T17:02:03Z,r.lee@example.com,2025-02-11T17:02:03Z,r.lee@example.com
ccafa111-8bf4-403a-8101-8e8e1180eb31,Verified fix with user,19862b49-73e6-4496-a7e2-d762f8484b8d,2025-02-17T00:28:44Z,3.0,2025-02-17T00:28:44Z,j.smith@example.com,2025-02-17T00:28:44Z,j.smith@example.com
92954943-4dcd-43b5-a71b-9c5e9f500e11,Replaced faulty component,19862b49-73e6-4496-a7e2-d762f8484b8d,2025-02-12T01:49:59Z,4.0,2025-02-12T01:49:59Z,f.haddad@example.com,2025-02-12T01:49:59Z,f.haddad@example.com
ea9e0794-be5a-4245-bab0-7d95a37bdd65,Documented resolution steps,19862b49-73e6-4496-a7e2-d762f8484b8d,2025-02-14T23:04:09Z,4.0,2025-02-14T23:04:09Z,r.lee@example.com,2025-02-14T23:04:09Z,r.lee@example.com
6452755f-3456-4fdf-ad38-fcad4992af93,Escalated to L2 support,19862b49-73e6-4496-a7e2-d762f8484b8d,2025-02-13T16:00:00Z,0.5,2025-02-13T16:00:00Z,r.lee@example.com,2025-02-13T16:00:00Z,r.lee@example.com
0b298978-8eb6-4ffc-980e-3a0d23d44520,Verified fix with user,19862b49-73e6-4496-a7e2-d762f8484b8d,2025-02-14T14:00:07Z,2.5,2025-02-14T14:00:07Z,f.haddad@example.com,2025-02-14T14:00:07Z,f.haddad@example.com
668e5c3b-e8bd-4d26-aa8e-bd64a61157ab,Coordinated with vendor,f0ed4c00-4042-4c8c-8f6d-a12b38816dca,2025-08-21T10:18:03Z,0.75,2025-08-21T10:18:03Z,m.brown@example.com,2025-08-21T10:18:03Z,m.brown@example.com
97b42251-c9d9-4a49-a4da-6a652fd4b6f4,Replaced faulty component,f0ed4c00-4042-4c8c-8f6d-a12b38816dca,2025-08-19T21:27:07Z,0.75,2025-08-19T21:27:07Z,m.brown@example.com,2025-08-19T21:27:07Z,m.brown@example.com
18a59c0e-1ab1-497b-b358-2ed6b6f7309b,Performed rollback and retest,f0ed4c00-4042-4c8c-8f6d-a12b38816dca,2025-10-13T14:14:17Z,4.25,2025-10-13T14:14:17Z,e.dubois@example.com,2025-10-13T14:14:17Z,e.dubois@example.com
9dd95e8e-1b43-4cac-a6fc-fc4b55559ce2,Escalated to L2 support,f0ed4c00-4042-4c8c-8f6d-a12b38816dca,2026-04-09T07:14:27Z,0.25,2026-04-09T07:14:27Z,a.jones@example.com,2026-04-09T07:14:27Z,a.jones@example.com
36534bf7-d6b3-4a4f-a1e7-ffe0244ee0e9,Escalated to L2 support,f0ed4c00-4042-4c8c-8f6d-a12b38816dca,2026-01-26T03:02:43Z,3.25,2026-01-26T03:02:43Z,m.brown@example.com,2026-01-26T03:02:43Z,m.brown@example.com
6fa4dc73-dceb-4816-a92a-ffdb37c79867,Coordinated with vendor,f0ed4c00-4042-4c8c-8f6d-a12b38816dca,2026-01-11T04:47:28Z,0.75,2026-01-11T04:47:28Z,e.dubois@example.com,2026-01-11T04:47:28Z,e.dubois@example.com
f59f8018-f9d9-48f3-9cd2-91fde9b0d521,Initial triage and diagnosis,16dd7778-8ae3-45a9-b91a-bce811d0bf86,2026-06-19T03:28:41Z,2.75,2026-06-19T03:28:41Z,l.martin@example.com,2026-06-19T03:28:41Z,l.martin@example.com
dbcfe60a-c920-422d-8974-3d18f9757164,Ran diagnostics,16dd7778-8ae3-45a9-b91a-bce811d0bf86,2026-06-17T06:29:23Z,4.25,2026-06-17T06:29:23Z,s.wilson@example.com,2026-06-17T06:29:23Z,s.wilson@example.com
c1695ccf-e7de-47e5-b7c4-b62257c351a4,Performed rollback and retest,16dd7778-8ae3-45a9-b91a-bce811d0bf86,2026-06-19T12:01:58Z,2.5,2026-06-19T12:01:58Z,e.dubois@example.com,2026-06-19T12:01:58Z,e.dubois@example.com
3c34c69e-a5a6-40f8-8543-469323505301,Ran diagnostics,16dd7778-8ae3-45a9-b91a-bce811d0bf86,2026-06-02T17:00:27Z,2.5,2026-06-02T17:00:27Z,d.garcia@example.com,2026-06-02T17:00:27Z,d.garcia@example.com
e84a9b73-c4c1-4068-b54c-bc574f9b5338,Performed rollback and retest,16dd7778-8ae3-45a9-b91a-bce811d0bf86,2026-06-18T22:13:42Z,1.0,2026-06-18T22:13:42Z,d.garcia@example.com,2026-06-18T22:13:42Z,d.garcia@example.com
9b35ec52-8830-46a9-8f8b-a61ab4933779,Replaced faulty component,efcc5d3c-d8b4-4430-9091-113e6e96190d,2026-04-24T07:45:02Z,4.25,2026-04-24T07:45:02Z,d.garcia@example.com,2026-04-24T07:45:02Z,d.garcia@example.com
c0f83554-6173-47d0-959e-aa9ffdab5f44,Applied configuration change,efcc5d3c-d8b4-4430-9091-113e6e96190d,2026-06-03T14:28:58Z,2.25,2026-06-03T14:28:58Z,c.silva@example.com,2026-06-03T14:28:58Z,c.silva@example.com
0381dc69-55d0-4184-8f89-66855d473c00,Applied configuration change,efcc5d3c-d8b4-4430-9091-113e6e96190d,2026-06-19T10:54:50Z,0.5,2026-06-19T10:54:50Z,k.patel@example.com,2026-06-19T10:54:50Z,k.patel@example.com
cf6d41d6-a5d6-49c1-ab0b-8e576fa7dcec,Verified fix with user,efcc5d3c-d8b4-4430-9091-113e6e96190d,2026-03-02T21:45:56Z,1.25,2026-03-02T21:45:56Z,p.novak@example.com,2026-03-02T21:45:56Z,p.novak@example.com
522dbeaa-4a8c-4ca6-b549-f14269271f10,Initial triage and diagnosis,efcc5d3c-d8b4-4430-9091-113e6e96190d,2026-05-29T08:18:16Z,0.25,2026-05-29T08:18:16Z,r.lee@example.com,2026-05-29T08:18:16Z,r.lee@example.com
69cc7325-77ff-4af9-94d1-d79e888bd299,Performed rollback and retest,efcc5d3c-d8b4-4430-9091-113e6e96190d,2026-03-01T02:56:12Z,1.0,2026-03-01T02:56:12Z,o.olsen@example.com,2026-03-01T02:56:12Z,o.olsen@example.com
b2b9a86e-c025-4bc9-a2bc-6f3a0169dcb1,Documented resolution steps,246eb684-71ee-40e2-9948-c44c6a99d302,2025-10-26T19:39:29Z,0.5,2025-10-26T19:39:29Z,p.novak@example.com,2025-10-26T19:39:29Z,p.novak@example.com
04fe72fe-e4d5-4ae4-93c9-ef9fafef853a,Escalated to L2 support,246eb684-71ee-40e2-9948-c44c6a99d302,2026-01-10T19:33:18Z,2.75,2026-01-10T19:33:18Z,e.dubois@example.com,2026-01-10T19:33:18Z,e.dubois@example.com
b1759ec6-87e7-483b-bdb1-7be4dda38df6,Contacted user for details,246eb684-71ee-40e2-9948-c44c6a99d302,2026-03-15T17:52:42Z,0.25,2026-03-15T17:52:42Z,o.olsen@example.com,2026-03-15T17:52:42Z,o.olsen@example.com
518d315c-f0a2-48f0-a7f3-6e32b9be71d6,Replaced faulty component,246eb684-71ee-40e2-9948-c44c6a99d302,2026-03-28T02:44:29Z,1.5,2026-03-28T02:44:29Z,l.martin@example.com,2026-03-28T02:44:29Z,l.martin@example.com
8d444d01-a7f8-4943-8771-70eecc2e4520,Documented resolution steps,246eb684-71ee-40e2-9948-c44c6a99d302,2025-11-22T13:23:37Z,1.25,2025-11-22T13:23:37Z,o.olsen@example.com,2025-11-22T13:23:37Z,o.olsen@example.com
11980131-59e5-43dd-8aad-404a7b166365,Documented resolution steps,3a7bca94-8742-4931-96df-02268bd6e238,2025-09-19T05:35:04Z,0.5,2025-09-19T05:35:04Z,a.jones@example.com,2025-09-19T05:35:04Z,a.jones@example.com
31af63eb-b132-484e-80d2-fc8343e6b7df,Verified fix with user,3a7bca94-8742-4931-96df-02268bd6e238,2025-09-22T21:57:05Z,1.0,2025-09-22T21:57:05Z,p.novak@example.com,2025-09-22T21:57:05Z,p.novak@example.com
5de8cf13-bb80-4566-928c-1cb75596858a,Replaced faulty component,3a7bca94-8742-4931-96df-02268bd6e238,2025-09-17T13:04:19Z,2.0,2025-09-17T13:04:19Z,c.silva@example.com,2025-09-17T13:04:19Z,c.silva@example.com
07804ace-6e65-4bdb-8ebd-8030a82ac7af,Verified fix with user,3a7bca94-8742-4931-96df-02268bd6e238,2025-09-13T13:26:13Z,1.5,2025-09-13T13:26:13Z,r.lee@example.com,2025-09-13T13:26:13Z,r.lee@example.com
53593338-3313-491b-a27f-d07526a146e5,Verified fix with user,3a7bca94-8742-4931-96df-02268bd6e238,2025-09-09T09:06:23Z,4.0,2025-09-09T09:06:23Z,k.patel@example.com,2025-09-09T09:06:23Z,k.patel@example.com
fbfbe5a4-6092-4cee-816f-a2bb6dd5355f,Coordinated with vendor,85495491-087d-433d-8bc7-55e8e900b34c,2026-05-26T15:24:16Z,1.75,2026-05-26T15:24:16Z,m.brown@example.com,2026-05-26T15:24:16Z,m.brown@example.com
ef94c566-cd17-4091-8286-60c98bd57cd0,Performed rollback and retest,85495491-087d-433d-8bc7-55e8e900b34c,2026-05-24T01:38:00Z,2.5,2026-05-24T01:38:00Z,p.novak@example.com,2026-05-24T01:38:00Z,p.novak@example.com
936575b4-6cdd-4f3f-9fa2-c6afbf8f98dd,Coordinated with vendor,85495491-087d-433d-8bc7-55e8e900b34c,2026-05-22T05:21:15Z,0.5,2026-05-22T05:21:15Z,k.patel@example.com,2026-05-22T05:21:15Z,k.patel@example.com
f40e9400-0cb0-4ef0-ae7e-f4e8289558f0,Applied configuration change,85495491-087d-433d-8bc7-55e8e900b34c,2026-05-21T01:29:04Z,4.0,2026-05-21T01:29:04Z,r.lee@example.com,2026-05-21T01:29:04Z,r.lee@example.com
b7253222-89f3-4399-ba9b-b105038853bf,Initial triage and diagnosis,85495491-087d-433d-8bc7-55e8e900b34c,2026-05-26T05:10:04Z,0.75,2026-05-26T05:10:04Z,l.martin@example.com,2026-05-26T05:10:04Z,l.martin@example.com
40db7217-bb6b-4f8e-b80d-7304faea0c2e,Contacted user for details,85495491-087d-433d-8bc7-55e8e900b34c,2026-05-20T19:26:34Z,1.25,2026-05-20T19:26:34Z,e.dubois@example.com,2026-05-20T19:26:34Z,e.dubois@example.com
c710d021-6b42-43ce-8608-49b670dd0945,Coordinated with vendor,85495491-087d-433d-8bc7-55e8e900b34c,2026-05-24T14:47:24Z,2.0,2026-05-24T14:47:24Z,m.brown@example.com,2026-05-24T14:47:24Z,m.brown@example.com
b6c6eb36-06ac-4e91-a89d-11ca44091e68,Ran diagnostics,9b02fd3e-b2a7-4bb7-b8f2-bc438b0ce090,2025-09-11T02:59:05Z,0.25,2025-09-11T02:59:05Z,r.lee@example.com,2025-09-11T02:59:05Z,r.lee@example.com
be9970ec-9541-4992-9ddf-3993d11a6a61,Ran diagnostics,9b02fd3e-b2a7-4bb7-b8f2-bc438b0ce090,2025-09-02T21:47:07Z,4.0,2025-09-02T21:47:07Z,p.novak@example.com,2025-09-02T21:47:07Z,p.novak@example.com
eba732da-5561-47b0-bbda-12137667afe6,Contacted user for details,9b02fd3e-b2a7-4bb7-b8f2-bc438b0ce090,2025-09-06T22:13:57Z,1.5,2025-09-06T22:13:57Z,r.lee@example.com,2025-09-06T22:13:57Z,r.lee@example.com
e7c50d18-f8ff-4e29-9e0f-4257d0af2f6d,Replaced faulty component,9b02fd3e-b2a7-4bb7-b8f2-bc438b0ce090,2025-09-16T09:43:14Z,0.75,2025-09-16T09:43:14Z,s.wilson@example.com,2025-09-16T09:43:14Z,s.wilson@example.com
b3a66b34-00b8-4cd6-b34b-892378229cac,Verified fix with user,9b02fd3e-b2a7-4bb7-b8f2-bc438b0ce090,2025-09-11T05:03:15Z,0.75,2025-09-11T05:03:15Z,c.silva@example.com,2025-09-11T05:03:15Z,c.silva@example.com
eae14bd2-030b-443f-8296-8af702516c77,Coordinated with vendor,9b02fd3e-b2a7-4bb7-b8f2-bc438b0ce090,2025-09-05T22:46:35Z,2.0,2025-09-05T22:46:35Z,n.rossi@example.com,2025-09-05T22:46:35Z,n.rossi@example.com
40ca247a-1b50-425c-aaf7-38e5b9c7dd35,Escalated to L2 support,acf9102a-23ec-43d1-bfcb-9a57eb61c3bf,2025-05-31T03:13:39Z,0.5,2025-05-31T03:13:39Z,l.martin@example.com,2025-05-31T03:13:39Z,l.martin@example.com
ff298a3b-51d1-44e2-82fa-33c4616958ad,Replaced faulty component,acf9102a-23ec-43d1-bfcb-9a57eb61c3bf,2025-06-06T00:16:59Z,2.0,2025-06-06T00:16:59Z,c.silva@example.com,2025-06-06T00:16:59Z,c.silva@example.com
4294a691-5021-44bc-aa58-abf67d19f943,Verified fix with user,acf9102a-23ec-43d1-bfcb-9a57eb61c3bf,2025-06-08T00:02:09Z,1.75,2025-06-08T00:02:09Z,p.novak@example.com,2025-06-08T00:02:09Z,p.novak@example.com
2bdfbbb5-5788-4d56-bd91-dcd740bcb16b,Applied configuration change,acf9102a-23ec-43d1-bfcb-9a57eb61c3bf,2025-06-11T01:08:01Z,3.25,2025-06-11T01:08:01Z,m.brown@example.com,2025-06-11T01:08:01Z,m.brown@example.com
b5b8dc67-e1aa-4faf-88e6-6f87649d20d6,Replaced faulty component,acf9102a-23ec-43d1-bfcb-9a57eb61c3bf,2025-05-29T23:07:26Z,0.75,2025-05-29T23:07:26Z,t.mueller@example.com,2025-05-29T23:07:26Z,t.mueller@example.com
23a60f29-aa0a-46b7-aa7a-64617c3ac615,Contacted user for details,acf9102a-23ec-43d1-bfcb-9a57eb61c3bf,2025-05-31T08:18:27Z,1.0,2025-05-31T08:18:27Z,r.lee@example.com,2025-05-31T08:18:27Z,r.lee@example.com
346c0697-f938-4813-90c5-2c5ad0141483,Initial triage and diagnosis,acf9102a-23ec-43d1-bfcb-9a57eb61c3bf,2025-05-31T17:19:50Z,0.75,2025-05-31T17:19:50Z,n.rossi@example.com,2025-05-31T17:19:50Z,n.rossi@example.com
cbb0819a-d47f-49d4-b323-2bffc1f2760e,Replaced faulty component,acf9102a-23ec-43d1-bfcb-9a57eb61c3bf,2025-05-30T01:01:31Z,2.5,2025-05-30T01:01:31Z,a.jones@example.com,2025-05-30T01:01:31Z,a.jones@example.com
a72202d5-dcdc-4e21-9180-94e0f697d9ce,Verified fix with user,a0ae074c-daf7-45cd-8e44-15f48c2feaf5,2025-07-14T09:34:14Z,4.0,2025-07-14T09:34:14Z,o.olsen@example.com,2025-07-14T09:34:14Z,o.olsen@example.com
fe27d38a-0bcc-4bf8-9484-2808e7e9a922,Contacted user for details,a0ae074c-daf7-45cd-8e44-15f48c2feaf5,2025-07-13T09:12:56Z,4.0,2025-07-13T09:12:56Z,p.novak@example.com,2025-07-13T09:12:56Z,p.novak@example.com
7572b84c-ee6f-4a4a-a1ca-16c74b40a9fa,Replaced faulty component,a0ae074c-daf7-45cd-8e44-15f48c2feaf5,2025-07-12T10:02:08Z,1.5,2025-07-12T10:02:08Z,r.lee@example.com,2025-07-12T10:02:08Z,r.lee@example.com
0cf7858a-e140-4e5e-97e6-90c2f0fcfff2,Coordinated with vendor,a0ae074c-daf7-45cd-8e44-15f48c2feaf5,2025-07-05T11:20:43Z,1.5,2025-07-05T11:20:43Z,j.smith@example.com,2025-07-05T11:20:43Z,j.smith@example.com
205cc2e1-797a-4a56-aa91-2d1875946033,Coordinated with vendor,a0ae074c-daf7-45cd-8e44-15f48c2feaf5,2025-07-05T00:02:02Z,2.0,2025-07-05T00:02:02Z,k.patel@example.com,2025-07-05T00:02:02Z,k.patel@example.com
8de06aef-0629-4b41-b5ee-5e86e305ccfa,Initial triage and diagnosis,a0ae074c-daf7-45cd-8e44-15f48c2feaf5,2025-07-01T21:28:42Z,3.25,2025-07-01T21:28:42Z,d.garcia@example.com,2025-07-01T21:28:42Z,d.garcia@example.com
270f5889-e9fa-46a4-9911-0508d230c905,Initial triage and diagnosis,a0ae074c-daf7-45cd-8e44-15f48c2feaf5,2025-07-12T03:22:48Z,1.5,2025-07-12T03:22:48Z,p.novak@example.com,2025-07-12T03:22:48Z,p.novak@example.com
0f37e96d-810e-47e4-bb02-a5970f732c25,Coordinated with vendor,a0ae074c-daf7-45cd-8e44-15f48c2feaf5,2025-07-14T23:59:24Z,2.0,2025-07-14T23:59:24Z,r.lee@example.com,2025-07-14T23:59:24Z,r.lee@example.com
b0cf0c5d-5820-4a0d-8872-6ff7e1e35231,Ran diagnostics,d1529a29-b392-41c7-91ba-b4c6329cdc50,2026-05-20T16:07:21Z,1.5,2026-05-20T16:07:21Z,m.brown@example.com,2026-05-20T16:07:21Z,m.brown@example.com
9f71c5d5-2718-4bf5-8062-145e0160ed20,Applied configuration change,d1529a29-b392-41c7-91ba-b4c6329cdc50,2026-05-28T06:07:07Z,0.25,2026-05-28T06:07:07Z,a.jones@example.com,2026-05-28T06:07:07Z,a.jones@example.com
e69ce898-b567-45c9-b6ce-072268e9627e,Documented resolution steps,d1529a29-b392-41c7-91ba-b4c6329cdc50,2026-05-19T14:37:20Z,3.0,2026-05-19T14:37:20Z,l.martin@example.com,2026-05-19T14:37:20Z,l.martin@example.com
92fe60a8-bf8d-4c3c-a280-8a2f8300cb9e,Initial triage and diagnosis,d1529a29-b392-41c7-91ba-b4c6329cdc50,2026-05-23T05:05:11Z,3.0,2026-05-23T05:05:11Z,k.patel@example.com,2026-05-23T05:05:11Z,k.patel@example.com
85ee1646-d20b-4d9c-9251-f85a47fd64fd,Replaced faulty component,d1529a29-b392-41c7-91ba-b4c6329cdc50,2026-05-23T10:31:30Z,0.5,2026-05-23T10:31:30Z,j.smith@example.com,2026-05-23T10:31:30Z,j.smith@example.com
ce9f2e95-1462-44fb-ba2b-f61a17157c1a,Ran diagnostics,d1529a29-b392-41c7-91ba-b4c6329cdc50,2026-05-28T20:15:31Z,2.5,2026-05-28T20:15:31Z,n.rossi@example.com,2026-05-28T20:15:31Z,n.rossi@example.com
d905a72f-af6b-4eee-bbef-cf44e1f6891d,Verified fix with user,500f023d-329c-4127-98f2-4f553ba2468b,2025-11-22T15:43:55Z,3.0,2025-11-22T15:43:55Z,s.wilson@example.com,2025-11-22T15:43:55Z,s.wilson@example.com
660c4ffd-e1f6-482d-a10e-1f94f96cf4bd,Documented resolution steps,500f023d-329c-4127-98f2-4f553ba2468b,2025-11-17T18:30:35Z,1.0,2025-11-17T18:30:35Z,s.wilson@example.com,2025-11-17T18:30:35Z,s.wilson@example.com
9c648413-1764-42f9-b57c-6b7862abd429,Replaced faulty component,500f023d-329c-4127-98f2-4f553ba2468b,2025-11-24T09:12:34Z,0.25,2025-11-24T09:12:34Z,p.novak@example.com,2025-11-24T09:12:34Z,p.novak@example.com
8156728c-09ca-4820-bc6c-d13fbae8bba1,Escalated to L2 support,500f023d-329c-4127-98f2-4f553ba2468b,2025-11-30T16:46:38Z,0.75,2025-11-30T16:46:38Z,p.novak@example.com,2025-11-30T16:46:38Z,p.novak@example.com
5550c273-89a1-45d8-926b-cbac3acbc9b0,Performed rollback and retest,500f023d-329c-4127-98f2-4f553ba2468b,2025-11-16T17:22:07Z,0.5,2025-11-16T17:22:07Z,c.silva@example.com,2025-11-16T17:22:07Z,c.silva@example.com
5a6d7659-d920-4b50-a5f1-086ee500da14,Initial triage and diagnosis,f785d30f-ba7f-4d2d-b11f-a7dd018ad834,2026-05-12T06:42:41Z,0.75,2026-05-12T06:42:41Z,o.olsen@example.com,2026-05-12T06:42:41Z,o.olsen@example.com
a6af22ed-fc52-4704-baba-032147a8b084,Ran diagnostics,f785d30f-ba7f-4d2d-b11f-a7dd018ad834,2026-03-26T20:26:18Z,3.0,2026-03-26T20:26:18Z,n.rossi@example.com,2026-03-26T20:26:18Z,n.rossi@example.com
d08ba1d7-7b76-430b-8de1-8807f1fa6e57,Ran diagnostics,f785d30f-ba7f-4d2d-b11f-a7dd018ad834,2026-01-28T11:11:10Z,0.75,2026-01-28T11:11:10Z,l.martin@example.com,2026-01-28T11:11:10Z,l.martin@example.com
4b95c1e7-b6e2-42d2-84e1-041341ee4125,Coordinated with vendor,f785d30f-ba7f-4d2d-b11f-a7dd018ad834,2026-02-14T01:52:17Z,4.0,2026-02-14T01:52:17Z,a.jones@example.com,2026-02-14T01:52:17Z,a.jones@example.com
8386f2ba-d059-456b-a5af-28480ef6338f,Replaced faulty component,f785d30f-ba7f-4d2d-b11f-a7dd018ad834,2026-01-21T17:14:15Z,3.0,2026-01-21T17:14:15Z,f.haddad@example.com,2026-01-21T17:14:15Z,f.haddad@example.com
7e5d359a-96a9-4bf9-95b1-c705beb9586c,Coordinated with vendor,f785d30f-ba7f-4d2d-b11f-a7dd018ad834,2026-04-06T18:50:00Z,2.25,2026-04-06T18:50:00Z,j.smith@example.com,2026-04-06T18:50:00Z,j.smith@example.com
4e480f2c-9f8f-44da-a2a5-9621c2754bba,Verified fix with user,f785d30f-ba7f-4d2d-b11f-a7dd018ad834,2026-03-06T05:14:15Z,0.75,2026-03-06T05:14:15Z,e.dubois@example.com,2026-03-06T05:14:15Z,e.dubois@example.com
fe80384d-c0c1-4046-93e6-45b80b459921,Performed rollback and retest,e61b6647-1610-4042-8169-7326d70be8d8,2025-05-13T19:11:02Z,2.75,2025-05-13T19:11:02Z,n.rossi@example.com,2025-05-13T19:11:02Z,n.rossi@example.com
5a30eeee-6211-4f8e-ade8-55967120a424,Escalated to L2 support,e61b6647-1610-4042-8169-7326d70be8d8,2025-05-21T22:11:21Z,1.5,2025-05-21T22:11:21Z,l.martin@example.com,2025-05-21T22:11:21Z,l.martin@example.com
69a3c2b3-5f8e-498c-ad10-7ca905a07b60,Escalated to L2 support,e61b6647-1610-4042-8169-7326d70be8d8,2025-05-20T18:24:48Z,0.5,2025-05-20T18:24:48Z,o.olsen@example.com,2025-05-20T18:24:48Z,o.olsen@example.com
29320e24-9055-4107-bf6f-66b95c1863ab,Initial triage and diagnosis,e61b6647-1610-4042-8169-7326d70be8d8,2025-05-21T08:55:03Z,3.0,2025-05-21T08:55:03Z,k.patel@example.com,2025-05-21T08:55:03Z,k.patel@example.com
0a25352e-6314-4ebc-9bd4-f8c339ee227d,Verified fix with user,e61b6647-1610-4042-8169-7326d70be8d8,2025-05-17T19:02:38Z,4.25,2025-05-17T19:02:38Z,f.haddad@example.com,2025-05-17T19:02:38Z,f.haddad@example.com
0934779d-db99-42ea-a823-212ce60f8157,Contacted user for details,0dc465ac-157a-4104-8b5a-1916e698254d,2026-03-22T14:30:34Z,3.25,2026-03-22T14:30:34Z,o.olsen@example.com,2026-03-22T14:30:34Z,o.olsen@example.com
417bd767-868c-413b-bd9b-4f3d7aa95c95,Verified fix with user,0dc465ac-157a-4104-8b5a-1916e698254d,2025-09-06T10:33:31Z,1.0,2025-09-06T10:33:31Z,n.rossi@example.com,2025-09-06T10:33:31Z,n.rossi@example.com
c6078af0-9bd2-4e55-b11e-c448d5997d72,Verified fix with user,0dc465ac-157a-4104-8b5a-1916e698254d,2026-03-16T00:25:28Z,1.0,2026-03-16T00:25:28Z,o.olsen@example.com,2026-03-16T00:25:28Z,o.olsen@example.com
4ae58f3b-0c11-493f-a8bf-5890291f3b93,Verified fix with user,0dc465ac-157a-4104-8b5a-1916e698254d,2026-06-19T03:33:10Z,2.0,2026-06-19T03:33:10Z,f.haddad@example.com,2026-06-19T03:33:10Z,f.haddad@example.com
c16b5777-3ab7-4b13-ad32-4e1c90ed2157,Escalated to L2 support,0dc465ac-157a-4104-8b5a-1916e698254d,2025-12-10T19:06:04Z,2.5,2025-12-10T19:06:04Z,e.dubois@example.com,2025-12-10T19:06:04Z,e.dubois@example.com
a769b571-a663-4523-bda7-7f5c3d9f8c93,Coordinated with vendor,0dc465ac-157a-4104-8b5a-1916e698254d,2026-02-07T08:40:20Z,4.0,2026-02-07T08:40:20Z,r.lee@example.com,2026-02-07T08:40:20Z,r.lee@example.com
61ca7269-de7a-4a23-8fb1-db4b7a033602,Ran diagnostics,0dc465ac-157a-4104-8b5a-1916e698254d,2026-04-18T19:45:23Z,1.5,2026-04-18T19:45:23Z,k.patel@example.com,2026-04-18T19:45:23Z,k.patel@example.com
c6f5da7f-1a9e-47a6-b39d-bfbf29237e2a,Contacted user for details,9fe06801-56ca-4012-950d-7c1f89258124,2025-11-04T05:33:04Z,2.5,2025-11-04T05:33:04Z,c.silva@example.com,2025-11-04T05:33:04Z,c.silva@example.com
1041e4aa-cd07-4315-b1c7-ad3fea6aa517,Performed rollback and retest,9fe06801-56ca-4012-950d-7c1f89258124,2026-02-02T15:16:57Z,3.0,2026-02-02T15:16:57Z,k.patel@example.com,2026-02-02T15:16:57Z,k.patel@example.com
b6d51bf7-b674-4e0f-9a88-8d1bc4a2a8ea,Performed rollback and retest,9fe06801-56ca-4012-950d-7c1f89258124,2025-11-05T13:47:26Z,1.5,2025-11-05T13:47:26Z,c.silva@example.com,2025-11-05T13:47:26Z,c.silva@example.com
4154ed03-dc8e-47ab-95e3-6a0e38864949,Verified fix with user,9fe06801-56ca-4012-950d-7c1f89258124,2026-02-24T17:12:03Z,0.5,2026-02-24T17:12:03Z,o.olsen@example.com,2026-02-24T17:12:03Z,o.olsen@example.com
e170e4b0-3326-422c-8291-dca02ee01556,Contacted user for details,9fe06801-56ca-4012-950d-7c1f89258124,2026-02-11T15:52:40Z,2.75,2026-02-11T15:52:40Z,o.olsen@example.com,2026-02-11T15:52:40Z,o.olsen@example.com
d3524cc3-6d6f-463d-86c9-898a99fe6a78,Replaced faulty component,9fe06801-56ca-4012-950d-7c1f89258124,2025-12-26T14:05:42Z,0.5,2025-12-26T14:05:42Z,j.smith@example.com,2025-12-26T14:05:42Z,j.smith@example.com
9c146b85-96bd-4e5d-a4a0-0f64a2572f4a,Performed rollback and retest,9fe06801-56ca-4012-950d-7c1f89258124,2026-04-21T04:32:25Z,0.25,2026-04-21T04:32:25Z,n.rossi@example.com,2026-04-21T04:32:25Z,n.rossi@example.com
66aa51b3-ddd9-42e1-a211-2dada8d744f1,Documented resolution steps,ea571ca4-fadc-4c37-927c-8642d8f671a3,2026-03-11T15:37:35Z,3.0,2026-03-11T15:37:35Z,k.patel@example.com,2026-03-11T15:37:35Z,k.patel@example.com
13e3a4dc-d693-4801-ba8e-c9c4dcf926d2,Contacted user for details,ea571ca4-fadc-4c37-927c-8642d8f671a3,2026-06-04T09:40:38Z,1.0,2026-06-04T09:40:38Z,s.wilson@example.com,2026-06-04T09:40:38Z,s.wilson@example.com
9ccd7f66-1138-43ac-9452-05cad5192c68,Performed rollback and retest,ea571ca4-fadc-4c37-927c-8642d8f671a3,2026-04-06T03:55:52Z,2.5,2026-04-06T03:55:52Z,t.mueller@example.com,2026-04-06T03:55:52Z,t.mueller@example.com
9f3b0ec8-ead6-4047-a5c4-1339d34dc382,Verified fix with user,ea571ca4-fadc-4c37-927c-8642d8f671a3,2026-03-02T20:37:28Z,0.75,2026-03-02T20:37:28Z,r.lee@example.com,2026-03-02T20:37:28Z,r.lee@example.com
8aa805f4-3d51-4ee0-9168-1e50e495a3d6,Performed rollback and retest,ea571ca4-fadc-4c37-927c-8642d8f671a3,2026-04-22T02:18:56Z,1.0,2026-04-22T02:18:56Z,l.martin@example.com,2026-04-22T02:18:56Z,l.martin@example.com
24d2cc32-bb6b-4352-852a-504b6e79afda,Performed rollback and retest,ea571ca4-fadc-4c37-927c-8642d8f671a3,2026-02-18T03:53:43Z,1.5,2026-02-18T03:53:43Z,l.martin@example.com,2026-02-18T03:53:43Z,l.martin@example.com
e4b78329-b2d7-4da5-93ae-38da48d78c87,Coordinated with vendor,661007a5-36d4-42a2-9cea-4a0975b4d4a5,2026-04-24T14:04:57Z,0.5,2026-04-24T14:04:57Z,e.dubois@example.com,2026-04-24T14:04:57Z,e.dubois@example.com
3120c861-9edc-4313-ae3c-b2da50d6d107,Replaced faulty component,661007a5-36d4-42a2-9cea-4a0975b4d4a5,2025-08-14T12:49:54Z,1.5,2025-08-14T12:49:54Z,j.smith@example.com,2025-08-14T12:49:54Z,j.smith@example.com
f43e7955-3398-44b6-961c-b131eafdb459,Initial triage and diagnosis,661007a5-36d4-42a2-9cea-4a0975b4d4a5,2025-10-14T14:10:22Z,1.5,2025-10-14T14:10:22Z,k.patel@example.com,2025-10-14T14:10:22Z,k.patel@example.com
9fd21671-2568-4ebe-9e00-4e5ac6d58396,Verified fix with user,661007a5-36d4-42a2-9cea-4a0975b4d4a5,2025-08-23T12:17:11Z,2.5,2025-08-23T12:17:11Z,t.mueller@example.com,2025-08-23T12:17:11Z,t.mueller@example.com
a1925bc2-60af-44ee-9c6b-527d91c361c1,Documented resolution steps,661007a5-36d4-42a2-9cea-4a0975b4d4a5,2025-09-08T13:10:15Z,0.25,2025-09-08T13:10:15Z,f.haddad@example.com,2025-09-08T13:10:15Z,f.haddad@example.com
8c6a8e49-00a0-42fa-9b25-2f3604c0bbff,Verified fix with user,661007a5-36d4-42a2-9cea-4a0975b4d4a5,2025-10-26T10:11:51Z,2.5,2025-10-26T10:11:51Z,o.olsen@example.com,2025-10-26T10:11:51Z,o.olsen@example.com
5dcdc95e-8438-4e2f-89a4-4a1c361678d5,Documented resolution steps,10e9f487-c43e-4a17-9b17-4b777aa8f4c5,2026-06-08T21:06:26Z,0.75,2026-06-08T21:06:26Z,c.silva@example.com,2026-06-08T21:06:26Z,c.silva@example.com
1e8b598e-3950-4e60-a56e-6570dd8cbc8e,Performed rollback and retest,10e9f487-c43e-4a17-9b17-4b777aa8f4c5,2026-05-13T10:18:15Z,1.25,2026-05-13T10:18:15Z,s.wilson@example.com,2026-05-13T10:18:15Z,s.wilson@example.com
80a17368-7682-4241-9862-7d9f40c02c45,Performed rollback and retest,10e9f487-c43e-4a17-9b17-4b777aa8f4c5,2026-03-02T23:26:45Z,2.5,2026-03-02T23:26:45Z,o.olsen@example.com,2026-03-02T23:26:45Z,o.olsen@example.com
05979cd6-ead0-458a-9f38-6123dee30e02,Applied configuration change,10e9f487-c43e-4a17-9b17-4b777aa8f4c5,2026-04-06T06:09:41Z,3.0,2026-04-06T06:09:41Z,s.wilson@example.com,2026-04-06T06:09:41Z,s.wilson@example.com
3030ba1b-8444-4416-9072-cd3874a75821,Applied configuration change,10e9f487-c43e-4a17-9b17-4b777aa8f4c5,2026-05-25T03:22:57Z,4.0,2026-05-25T03:22:57Z,f.haddad@example.com,2026-05-25T03:22:57Z,f.haddad@example.com
273f63ee-f314-4102-a3e8-63da2a5b6fa2,Applied configuration change,10e9f487-c43e-4a17-9b17-4b777aa8f4c5,2026-04-02T07:37:12Z,4.0,2026-04-02T07:37:12Z,r.lee@example.com,2026-04-02T07:37:12Z,r.lee@example.com
f13d6556-ef86-4ee1-9af1-a8aac524ab7a,Coordinated with vendor,10e9f487-c43e-4a17-9b17-4b777aa8f4c5,2026-06-08T17:50:41Z,0.75,2026-06-08T17:50:41Z,a.jones@example.com,2026-06-08T17:50:41Z,a.jones@example.com
67765d49-ad59-4fee-a6fc-8e822a543c85,Applied configuration change,10e9f487-c43e-4a17-9b17-4b777aa8f4c5,2026-05-15T19:21:50Z,0.5,2026-05-15T19:21:50Z,l.martin@example.com,2026-05-15T19:21:50Z,l.martin@example.com
24a8733a-d7af-4a87-9533-2ce3b731f703,Verified fix with user,e4d64899-5cc7-4f6f-8ef8-a31d193732f8,2025-08-27T07:17:20Z,4.25,2025-08-27T07:17:20Z,c.silva@example.com,2025-08-27T07:17:20Z,c.silva@example.com
8a502199-bf94-4ed5-b82e-07fa1a04f52e,Applied configuration change,e4d64899-5cc7-4f6f-8ef8-a31d193732f8,2025-08-27T21:49:13Z,2.75,2025-08-27T21:49:13Z,k.patel@example.com,2025-08-27T21:49:13Z,k.patel@example.com
2dc25760-614f-442a-8e45-4197533e8d59,Documented resolution steps,e4d64899-5cc7-4f6f-8ef8-a31d193732f8,2025-08-27T15:56:22Z,1.0,2025-08-27T15:56:22Z,j.smith@example.com,2025-08-27T15:56:22Z,j.smith@example.com
e72072d0-ae36-4ca4-b5d8-b016164da8a2,Escalated to L2 support,e4d64899-5cc7-4f6f-8ef8-a31d193732f8,2025-08-25T20:36:23Z,1.75,2025-08-25T20:36:23Z,s.wilson@example.com,2025-08-25T20:36:23Z,s.wilson@example.com
bf9a5187-9cb4-4562-bc56-25ab2e790163,Ran diagnostics,e4d64899-5cc7-4f6f-8ef8-a31d193732f8,2025-08-28T03:48:58Z,0.5,2025-08-28T03:48:58Z,o.olsen@example.com,2025-08-28T03:48:58Z,o.olsen@example.com
8cb23631-490c-4a37-8537-9c562acfe349,Ran diagnostics,e4d64899-5cc7-4f6f-8ef8-a31d193732f8,2025-09-02T03:57:53Z,3.0,2025-09-02T03:57:53Z,f.haddad@example.com,2025-09-02T03:57:53Z,f.haddad@example.com
0e512f76-aa30-4638-913a-88331c46d9d8,Initial triage and diagnosis,e4d64899-5cc7-4f6f-8ef8-a31d193732f8,2025-08-28T16:06:51Z,2.75,2025-08-28T16:06:51Z,p.novak@example.com,2025-08-28T16:06:51Z,p.novak@example.com
ace2b5dd-24d2-46c8-af98-560e00c548cb,Performed rollback and retest,e4d64899-5cc7-4f6f-8ef8-a31d193732f8,2025-09-02T01:18:20Z,2.5,2025-09-02T01:18:20Z,r.lee@example.com,2025-09-02T01:18:20Z,r.lee@example.com
6c52de83-6d25-41bd-921c-4e7f346cd429,Ran diagnostics,2fc53da4-2a9e-4986-bb86-7eb99b72b0b9,2026-05-28T05:59:22Z,1.0,2026-05-28T05:59:22Z,f.haddad@example.com,2026-05-28T05:59:22Z,f.haddad@example.com
605a319b-7e71-4ec5-b578-b88c2ced6a33,Performed rollback and retest,2fc53da4-2a9e-4986-bb86-7eb99b72b0b9,2025-12-13T14:27:09Z,4.0,2025-12-13T14:27:09Z,m.brown@example.com,2025-12-13T14:27:09Z,m.brown@example.com
f08917fc-244a-4928-bdfd-55b57645b132,Verified fix with user,2fc53da4-2a9e-4986-bb86-7eb99b72b0b9,2026-06-08T16:22:00Z,1.0,2026-06-08T16:22:00Z,r.lee@example.com,2026-06-08T16:22:00Z,r.lee@example.com
d92cb408-a529-4a8d-bc93-a4ad526a14fb,Performed rollback and retest,2fc53da4-2a9e-4986-bb86-7eb99b72b0b9,2026-05-02T14:02:38Z,0.25,2026-05-02T14:02:38Z,k.patel@example.com,2026-05-02T14:02:38Z,k.patel@example.com
d0ef9495-d837-4a93-9c3f-77c0b318df2e,Verified fix with user,2fc53da4-2a9e-4986-bb86-7eb99b72b0b9,2026-01-25T21:37:33Z,3.0,2026-01-25T21:37:33Z,d.garcia@example.com,2026-01-25T21:37:33Z,d.garcia@example.com
11af9920-71da-45ce-baac-6f8d7357c2d6,Applied configuration change,db87abd1-a21f-4481-b849-1ce9dde0afd5,2025-06-01T21:55:48Z,0.75,2025-06-01T21:55:48Z,o.olsen@example.com,2025-06-01T21:55:48Z,o.olsen@example.com
7755bc7f-468e-420a-bd60-bac487a04879,Ran diagnostics,db87abd1-a21f-4481-b849-1ce9dde0afd5,2025-05-31T20:54:05Z,0.25,2025-05-31T20:54:05Z,j.smith@example.com,2025-05-31T20:54:05Z,j.smith@example.com
2e6b8ce6-8034-4199-8669-17f2eaeb2ad1,Ran diagnostics,db87abd1-a21f-4481-b849-1ce9dde0afd5,2025-06-04T10:45:40Z,3.0,2025-06-04T10:45:40Z,e.dubois@example.com,2025-06-04T10:45:40Z,e.dubois@example.com
01d22c34-f689-4135-9009-65c7e7c63cdd,Documented resolution steps,db87abd1-a21f-4481-b849-1ce9dde0afd5,2025-06-01T07:06:13Z,1.25,2025-06-01T07:06:13Z,k.patel@example.com,2025-06-01T07:06:13Z,k.patel@example.com
5c28cfb2-e033-4748-9730-74bd87f22996,Coordinated with vendor,db87abd1-a21f-4481-b849-1ce9dde0afd5,2025-06-03T18:31:19Z,0.5,2025-06-03T18:31:19Z,s.wilson@example.com,2025-06-03T18:31:19Z,s.wilson@example.com
9911a1b6-8ea0-439f-af1c-d8413fcf6d7f,Applied configuration change,db87abd1-a21f-4481-b849-1ce9dde0afd5,2025-06-01T18:49:22Z,4.0,2025-06-01T18:49:22Z,j.smith@example.com,2025-06-01T18:49:22Z,j.smith@example.com
4018450e-8e98-4f99-8a51-f8a8a2f437f7,Applied configuration change,db87abd1-a21f-4481-b849-1ce9dde0afd5,2025-05-31T04:59:57Z,0.25,2025-05-31T04:59:57Z,j.smith@example.com,2025-05-31T04:59:57Z,j.smith@example.com
07f64f61-a233-42c0-bb82-c02c7b05b4cc,Contacted user for details,db87abd1-a21f-4481-b849-1ce9dde0afd5,2025-05-29T19:15:47Z,1.5,2025-05-29T19:15:47Z,o.olsen@example.com,2025-05-29T19:15:47Z,o.olsen@example.com
bbcab661-833c-47d9-896f-80fdba0466b1,Escalated to L2 support,95ad7325-d465-45e0-8881-136996338ee9,2025-03-21T06:31:49Z,2.5,2025-03-21T06:31:49Z,c.silva@example.com,2025-03-21T06:31:49Z,c.silva@example.com
a661bc67-7f2f-4340-acbc-a2efeeacf78f,Coordinated with vendor,95ad7325-d465-45e0-8881-136996338ee9,2025-03-23T08:02:49Z,0.25,2025-03-23T08:02:49Z,e.dubois@example.com,2025-03-23T08:02:49Z,e.dubois@example.com
922de437-bdc3-4aea-95c6-707c80425c28,Performed rollback and retest,95ad7325-d465-45e0-8881-136996338ee9,2025-03-10T14:34:16Z,3.0,2025-03-10T14:34:16Z,r.lee@example.com,2025-03-10T14:34:16Z,r.lee@example.com
855ad06f-27c5-4895-a170-3a19befa18ee,Applied configuration change,95ad7325-d465-45e0-8881-136996338ee9,2025-03-16T03:52:04Z,1.5,2025-03-16T03:52:04Z,o.olsen@example.com,2025-03-16T03:52:04Z,o.olsen@example.com
66fc5ef6-dafa-4114-9bb2-b738e32c392f,Applied configuration change,95ad7325-d465-45e0-8881-136996338ee9,2025-03-23T09:20:59Z,3.25,2025-03-23T09:20:59Z,k.patel@example.com,2025-03-23T09:20:59Z,k.patel@example.com
b4216b2f-b38f-40e4-ae3e-ef889532f28a,Initial triage and diagnosis,95ad7325-d465-45e0-8881-136996338ee9,2025-03-23T06:30:16Z,1.0,2025-03-23T06:30:16Z,s.wilson@example.com,2025-03-23T06:30:16Z,s.wilson@example.com
c1b8a5da-9503-4249-ae94-6f038fc50623,Contacted user for details,95ad7325-d465-45e0-8881-136996338ee9,2025-03-11T08:21:38Z,0.5,2025-03-11T08:21:38Z,t.mueller@example.com,2025-03-11T08:21:38Z,t.mueller@example.com
